firstName,lastName,age,sex,retired,dependants,marital_status,salary,pension,company,commute_distance,address_postcode
Iain,Dixon,64,Male,False,2,single,56185,0,Hudson PLC,14.1,G2J 0FH
Jayne,Wilson,69,Female,False,1,divorced,36872,0,"Wall, Reed and Whitehouse",10.47,TD95 7FL
Holly,Pope,55,Female,False,2,married or civil partner,93150,0,Jones PLC,19.59,W2U 0FT
Rebecca,Carter,72,Female,False,3,married or civil partner,33947,0,Jarvis and Sons,9.84,NR5R 6JQ
Carly,Nicholson,28,Female,False,1,married or civil partner,80933,0,"Coleman, Daniels and Wilson",17.92,M6 1QS
Guy,Parker,60,Male,False,1,married or civil partner,39507,0,Collins-Ali,11.01,E28 5YN
Brandon,Collins,32,Male,False,2,single,62774,0,"Hamilton, Roberts and Graham",15.19,LU9X 4BG
Ellie,Buckley,58,Female,False,1,married or civil partner,72728,0,Hawkins-Alexander,16.73,AB5 4JN
Rachel,Fry,37,Female,False,2,single,59523,0,Cook-Hill,14.66,G86 1AD
Josephine,James,49,Female,False,2,widowed,83663,0,Craig Inc,18.3,TR2 0FZ
Darren,Saunders,27,Male,False,1,single,27505,0,Bryan-Faulkner,8.36,DL8H 8TB
Kenneth,Ali,64,Male,False,2,single,52443,0,Williams and Sons,13.45,M87 6LU
Melanie,Simpson,34,Female,False,4,married or civil partner,42742,0,"Wyatt, Brookes and Brooks",11.66,N10 1AD
Nicola,Gordon,71,Female,True,5,married or civil partner,86238,13497,N/A,0,G0C 3NZ
Mohamed,Jones,74,Male,False,3,married or civil partner,97476,0,"Robinson, Jones and Carter",20.15,S8K 6GY
Heather,Harris,65,Female,False,2,single,98582,0,Nelson PLC,20.3,IV5P 7XU
Roy,Mason,20,Male,False,1,married or civil partner,93830,0,"Newman, Hussain and Jones",19.68,L4T 2DH
Paul,Robertson,89,Male,True,1,single,19460,15139,N/A,0,L20 7XU
Amber,Dickinson,87,Female,True,2,single,93610,30703,N/A,0,GU8B 3LL
Jane,Kirk,43,Female,False,1,widowed,77476,0,Wright and Sons,17.43,DE9 0PE
Rebecca,Coleman,67,Female,False,2,married or civil partner,74103,0,Hughes-Walker,16.93,W22 0FH
Brian,Robinson,62,Male,False,3,married or civil partner,86654,0,McKenzie-Richardson,18.72,M1 1GD
Martyn,Ward,50,Male,False,2,single,60327,0,Freeman-Cook,14.79,HS8H 7TN
Tom,Barnett,41,Male,False,,married or civil partner,76097,0,"Smith, Burton and Bishop",17.22,L94 2UL
Rosie,Barrett,33,Female,False,1,married or civil partner,58507,0,Walton Ltd,14.49,G48 0GA
Abigail,Taylor,46,Female,False,2,married or civil partner,64154,0,Williams PLC,15.41,FY9 7DX
Jemma,Jones,80,Female,True,3,single,68428,23493,N/A,0,M2 1LP
Mathew,Lee,86,Male,True,2,single,54853,26642,N/A,0,B92 2AR
Martin,Scott,61,Male,False,2,married or civil partner,83375,0,Taylor PLC,18.26,S0 6JJ
Denis,Perry,44,Male,False,1,single,96478,0,"Davies, Weston and Davey",20.02,E73 4SY
Yvonne,Hughes,58,Female,False,2,married or civil partner,74158,0,Barber and Sons,16.94,S95 0SH
Judith,Young,65,Female,False,2,married or civil partner,26129,0,Browne Group,8.02,N36 8AH
Marilyn,Gill,83,Female,True,3,married or civil partner,54275,18554,N/A,0,AB8A 3AD
Daniel,Hudson,31,Male,False,1,married or civil partner,94360,0,Reid Ltd,19.75,W84 1AA
Lucy,Patel,25,Female,False,2,married or civil partner,35194,0,"Ryan, Black and Johnson",10.11,E01 5HB
Valerie,Richardson,74,Female,False,1,single,91913,0,Clark-Riley,19.43,G2G 6RP
Cameron,Atkinson,34,Male,False,2,married or civil partner,75135,0,Hughes Ltd,17.08,WC3A 0JE
Jean,Mann,37,Female,False,1,single,38163,0,"Harrison, Farrell and James",10.74,TS7 8BF
Leonard,Long,76,Male,True,3,divorced,96231,17155,N/A,0,NG6R 9LX
Bradley,Jones,63,Male,False,3,single,38234,0,Pearson and Sons,10.75,E67 9NA
Norman,Parkinson,45,Male,False,1,single,84068,0,"Barker, Kerr and Robinson",18.36,WS4 5HL
Karl,Brady,53,Male,False,4,single,23374,0,Lawrence Ltd,7.32,G38 3ET
Eric,Wallis,69,Male,True,3,widowed,68636,20451,N/A,0,M0 9SW
Leonard,Nelson,38,Male,False,2,married or civil partner,17048,0,Smith-Wall,5.52,NE73 8DY
Steven,Wilson,38,Male,False,1,married or civil partner,81630,0,"Richardson, Parker and Brown",18.02,NE0 6LH
Justin,Robinson,26,Male,False,3,single,47249,0,Harris Ltd,12.51,CO7A 1AA
Kate,Green,76,Female,True,4,married or civil partner,85322,25208,N/A,0,WA2X 6NB
Scott,Lyons,61,Male,False,1,married or civil partner,89576,0,Lee and Sons,19.11,CO0 8JQ
Helen,Griffin,54,Female,False,2,single,59384,0,"Roberts, Page and Wilson",14.63,G8 7HY
Andrea,Green,75,Female,True,5,married or civil partner,62239,32781,N/A,0,W4U 5TF
Samuel,Kennedy,35,Male,False,2,married or civil partner,63146,0,Shah-Walsh,15.25,IM9E 4AP
Jamie,Webb,33,Male,False,2,divorced,86806,0,Turnbull-Young,18.74,DG2P 3LL
Georgia,Thompson,22,Female,False,1,married or civil partner,36827,0,Wyatt Group,10.46,G7B 7NN
Samuel,Anderson,45,Male,False,2,single,65161,0,"Bennett, Jones and Hunt",15.57,G28 7TA
Danielle,Sullivan,47,Female,False,2,single,55173,0,Taylor-Moss,13.92,L7 1SP
Heather,Walker,42,Female,False,3,widowed,38699,0,Williams-Powell,10.85,PR6V 3YT
Scott,Wong,37,Male,False,2,widowed,68686,0,Ahmed Ltd,16.11,LE59 4PS
Glen,Hunt,56,Male,False,2,married or civil partner,79133,0,Harper PLC,17.66,W6C 9FQ
Abbie,Price,37,Female,False,1,married or civil partner,23237,0,Johnson and Sons,7.28,HD32 0HG
Conor,Thomas,84,Male,True,2,married or civil partner,62799,30744,N/A,0,WV1V 2FN
Jenna,Evans,86,Female,True,2,married or civil partner,86455,28295,N/A,0,E76 4TN
Guy,Evans,44,Male,False,3,divorced,46988,0,Green LLC,12.46,BB2 9XX
Denis,Cook,57,Male,False,2,divorced,21289,0,Francis Group,6.76,WD5 4HF
Chelsea,Brooks,57,Female,False,1,single,17928,0,Marshall Inc,5.79,CW9N 4QB
Alice,Matthews,39,Female,False,2,married or civil partner,80394,0,Bibi-Parry,17.84,CW8B 3TA
Heather,Brown,56,Female,False,2,single,82871,0,Walton Inc,18.19,LD73 8SL
Joan,Lewis,66,Female,False,2,married or civil partner,22958,0,Lawrence-Ali,7.21,CW8 0BF
Alison,Brooks,82,Female,True,2,married or civil partner,32579,10514,N/A,0,E71 8WG
Carolyn,Nixon,69,Female,False,2,single,79541,0,Phillips Ltd,17.72,CR8M 9DG
Marilyn,Parsons,19,Female,False,2,single,96468,0,"Lewis, Taylor and Ford",20.02,L5T 6UY
Barbara,Gardiner,89,Female,True,1,married or civil partner,56365,28712,N/A,0,E6 2YU
Beth,Cole,32,Female,False,2,married or civil partner,52512,0,"Young, Blake and Pollard",13.46,N0C 1YY
Howard,Faulkner,40,Male,False,1,single,33986,0,Parkin Ltd,9.85,SK20 1HE
Sophie,Edwards,59,Female,False,1,married or civil partner,28922,0,Hodgson PLC,8.7,TQ88 6QD
Julian,Davidson,47,Male,False,2,married or civil partner,41830,0,Smart LLC,11.48,G4 4UU
Ryan,Kent,85,Male,True,2,single,91791,26404,N/A,0,GL7Y 1SX
Rosemary,Williams,22,Female,False,,married or civil partner,82726,0,Hughes-Miller,18.17,EC61 2AB
June,Tucker,83,Female,True,5,single,92816,41236,N/A,0,FY5 5AG
Patrick,Norton,35,Male,False,3,married or civil partner,50233,0,"Wright, Roberts and Harris",13.06,G3 7TH
Bradley,Lewis,47,Male,False,2,divorced,30075,0,Smith-Hewitt,8.97,LD3 5DE
Lesley,Ryan,85,Female,True,2,single,88273,20423,N/A,0,E50 3RU
Jenna,Jones,76,Female,False,2,married or civil partner,17063,0,Mills Ltd,5.52,LE80 7FL
Abbie,Doherty,76,Female,True,3,divorced,23568,25998,N/A,0,B6 2QN
Roy,Reid,32,Male,False,2,married or civil partner,25846,0,"Jones, Perkins and Butler",7.95,L2F 1YW
Leanne,Burns,20,Female,False,3,married or civil partner,73393,0,"Hutchinson, Sinclair and Foster",16.83,HR4 2QL
Sam,Foster,88,Male,True,1,married or civil partner,73900,22571,N/A,0,B36 9AB
Joshua,Smith,43,Male,False,1,married or civil partner,38509,0,Quinn Ltd,10.81,N3T 8BS
Hugh,Houghton,30,Male,False,1,single,86693,0,"Lawrence, Brennan and Russell",18.72,G63 2SQ
Natasha,Kennedy,51,Female,False,1,single,31677,0,Green-Evans,9.34,SO80 2HD
Sally,Stevens,87,Female,True,2,widowed,55777,16670,N/A,0,SG5 8AP
Jacob,Humphreys,35,Male,False,2,married or civil partner,21881,0,"Williams, Cross and Cox",6.92,B56 4NX
Louise,Metcalfe,65,Female,False,2,widowed,43922,0,Yates Group,11.88,KY86 2FT
Samantha,Wallace,62,Female,False,2,single,90902,0,Scott-Smith,19.29,E4F 8GW
Billy,Walker,29,Male,False,4,married or civil partner,48086,0,Singh-Wells,12.67,DE25 1DD
Rebecca,Smith,78,Female,True,5,single,69035,12417,N/A,0,N1J 7WX
Gregory,Burke,32,Male,False,2,married or civil partner,91509,0,Reid Group,19.37,W1 1SX
Richard,Jones,52,Male,False,1,married or civil partner,52429,0,Adams-Archer,13.45,DN7 6LW
Allan,Johnson,45,Male,False,3,married or civil partner,69053,0,Williams-Patel,16.17,LL50 9GL
Sharon,Fitzgerald,29,Female,False,3,single,93074,0,"Douglas, Collins and Cooper",19.58,M0 4HH
Frederick,Walker,77,Male,True,3,single,73187,22253,N/A,0,BH7N 6AL
Kayleigh,Holmes,64,Female,False,1,single,33690,0,Smith-Webster,9.79,DA69 7EL
Declan,Finch,23,Male,False,3,widowed,36402,0,"Lewis, Ball and Allen",10.37,HP6 1GJ
Cheryl,Walker,20,Female,False,,single,88655,0,Coates-Price,18.99,N42 9HU
Oliver,Booth,90,Male,True,3,single,94660,28617,N/A,0,GY43 9FG
Jane,Jones,24,Female,False,2,single,91308,0,Hill Ltd,19.34,G65 9NA
Phillip,Mahmood,19,Male,False,2,divorced,93723,0,Carr-Grant,19.66,M5 5QZ
Carly,Pope,38,Female,False,3,single,70951,0,"O'Donnell, Evans and King",16.46,W3 9XG
Stephen,Ryan,48,Male,False,2,married or civil partner,19582,0,Humphries-Bishop,6.27,E0F 5YW
Nicholas,Barlow,52,Male,False,2,single,96219,0,Jones-Wallace,19.99,S8D 7AG
Charlene,Parkin,57,Female,False,2,single,33408,0,"Lowe, Cox and Saunders",9.73,M8D 9HJ
Valerie,Scott,29,Female,False,2,married or civil partner,77943,0,Begum Ltd,17.49,PA70 0NL
Grace,Roberts,63,Female,False,3,married or civil partner,94261,0,Clarke and Sons,19.74,NG03 5LH
Marc,Cooper,85,Male,True,2,divorced,23389,25166,N/A,0,L5 3ZH
Rachel,Jones,66,Female,False,1,single,81080,0,"Patel, Roberts and Smith",17.94,G10 1JS
Hugh,Smith,81,Male,True,2,single,57199,18675,N/A,0,E9 6LU
Gordon,Lawson,28,Male,False,2,married or civil partner,34775,0,Gould-Mills,10.02,TN3H 5ZE
Connor,Ahmed,41,Male,False,2,married or civil partner,39736,0,Turner PLC,11.06,CW35 0AB
Kelly,Nicholson,75,Female,False,1,single,80994,0,Carr-Kaur,17.93,CR82 5UT
Sean,Pickering,32,Male,False,2,married or civil partner,35473,0,Douglas-Payne,10.17,N9H 4WL
Bethan,Slater,53,Female,False,2,married or civil partner,50069,0,Morton and Sons,13.03,L7 2JQ
Donald,Harrison,38,Male,False,3,married or civil partner,52950,0,Turner PLC,13.54,N43 2JB
Marcus,Walters,66,Male,False,5,married or civil partner,25716,0,Parry PLC,7.92,HU9P 6YR
Katy,Gilbert,50,Female,False,5,married or civil partner,34775,0,Walker-Kent,10.02,B0 4JR
Ricky,Duffy,21,Male,False,1,single,24385,0,"Owen, Simmons and Graham",7.58,E77 8TU
Geraldine,Mason,44,Female,False,3,single,22789,0,Mellor and Sons,7.16,G3 8SP
Hugh,Lambert,65,Male,False,5,single,93561,0,"Wood, Ali and Singh",19.64,N08 4QN
Richard,Roberts,62,Male,False,4,married or civil partner,58459,0,Jenkins-Dixon,14.48,PH8E 4TT
Annette,Wallace,88,Female,True,5,single,29214,32067,N/A,0,L7 3FY
Maureen,Goodwin,23,Female,False,2,married or civil partner,61039,0,Brown LLC,14.9,OX2 8YE
Lee,Archer,32,Male,False,3,married or civil partner,45107,0,Lee-Barker,12.11,KY8 5WD
Charlotte,McCarthy,42,Female,False,1,single,98403,0,Wilson-Fletcher,20.27,EC40 7EH
Julia,Parsons,91,Female,True,2,single,32712,23774,N/A,0,N3 4RX
Christine,Jones,62,Female,False,1,married or civil partner,81575,0,Cooper-Johnson,18.01,B5 0UP
Clifford,Price,70,Male,False,2,married or civil partner,40143,0,"Fox, Grant and Johnson",11.14,KA3W 9UP
Jamie,Ingram,38,Male,False,1,married or civil partner,72522,0,"Cole, Stevens and Sullivan",16.7,M91 0UL
Joseph,Edwards,87,Male,True,2,single,25165,24377,N/A,0,L5 8LR
Helen,Moss,26,Female,False,2,married or civil partner,33497,0,Wilson LLC,9.75,W7K 6NW
Kimberley,Booth,89,Female,True,,single,28687,17782,N/A,0,G2F 3LP
Michelle,Davison,41,Female,False,4,married or civil partner,41262,0,Cole and Sons,11.37,S1 5GD
Frederick,Gardner,87,Male,True,2,married or civil partner,79950,18086,N/A,0,OL3P 4LN
Trevor,Campbell,18,Male,False,1,single,21091,0,Pearce-Newton,6.7,M5 0ZB
Edward,Robinson,68,Male,False,1,married or civil partner,72717,0,"Middleton, Barker and Jennings",16.73,CT2 4BQ
Julie,Whitehouse,61,Female,True,2,single,34273,18907,N/A,0,CF16 3RP
Elliott,Jones,67,Male,False,1,single,51674,0,Parker Ltd,13.31,S70 3TA
Abbie,Smith,42,Female,False,4,divorced,71882,0,Fisher-Johnson,16.6,HP3 1FP
Owen,Jones,55,Male,False,2,married or civil partner,63538,0,North-Stevens,15.31,BA7 6BF
Rachael,Clark,71,Female,True,2,married or civil partner,44162,11738,N/A,0,S6 7RB
Maria,Davies,44,Female,False,1,divorced,24238,0,Murray-Payne,7.54,B1 4UP
Dale,Bibi,79,Male,True,1,single,21949,33359,N/A,0,CM3 2YW
Andrew,Myers,43,Male,False,1,married or civil partner,23867,0,"Ellis, Doyle and Holloway",7.45,UB91 3TE
Fiona,Adams,73,Female,True,2,single,65585,22136,N/A,0,G0G 0AU
Amelia,Barnett,26,Female,False,3,widowed,45945,0,"Parker, Green and Holland",12.27,AL6 0ZG
Howard,Griffiths,74,Male,False,2,married or civil partner,37602,0,Harris-Williams,10.62,W0K 1LJ
Declan,Jones,19,Male,False,1,married or civil partner,66975,0,Young Inc,15.85,WA3 1WN
Karl,Jones,18,Male,False,2,divorced,90080,0,McDonald-Foster,19.18,HX2B 4FH
Joseph,Barnes,50,Male,False,2,single,89255,0,"Lee, Taylor and Murphy",19.07,E9D 3PF
Denis,Hope,85,Male,True,1,married or civil partner,27057,28776,N/A,0,E5 3WZ
Natasha,Dean,63,Female,False,2,single,79920,0,Murray-Chambers,17.78,BH6 8EB
Kieran,Robinson,58,Male,False,2,single,34506,0,Carr-Jones,9.97,B69 9SB
Darren,Barnes,25,Male,False,,single,41428,0,"Phillips, Jones and Williams",11.4,E69 7YW
Alexandra,Watson,38,Female,False,1,widowed,41913,0,"Williams, Dale and Hall",11.49,M7K 0ES
Lewis,Jones,73,Male,False,5,married or civil partner,73027,0,"Burns, Hall and Williams",16.77,M4 8SZ
Ellie,Allen,23,Female,False,3,married or civil partner,25075,0,Barton Ltd,7.76,DA4 8EU
Frances,Tucker,71,Female,True,3,single,75233,32995,N/A,0,LD80 2XN
Hannah,Cooke,67,Female,False,3,married or civil partner,44694,0,Kaur-Brown,12.03,WA1R 8YU
Louis,Elliott,65,Male,False,4,single,88203,0,Henderson-Wilkinson,18.93,W7G 8LW
Beverley,Anderson,19,Female,False,1,married or civil partner,39953,0,Shah LLC,11.1,W2 3NE
Julia,Hurst,70,Female,False,1,single,70800,0,Khan and Sons,16.44,B24 2PA
Marcus,Yates,24,Male,False,,single,89910,0,"Williams, Foster and Smith",19.16,L7J 0GZ
Marcus,Morris,58,Male,False,2,widowed,22060,0,Sanders PLC,6.97,ML13 8EX
Phillip,Allen,54,Male,False,2,married or civil partner,44462,0,"Hughes, Allen and Lawrence",11.99,HS10 2GQ
Stephanie,Austin,28,Female,False,1,single,19869,0,"King, Taylor and Wilson",6.36,W32 7JR
Janet,Briggs,32,Female,False,1,married or civil partner,71028,0,Saunders PLC,16.47,TQ6 8BU
Anna,Richardson,34,Female,False,1,married or civil partner,78008,0,Green and Sons,17.5,L8 3WR
Stacey,Sullivan,68,Female,False,2,married or civil partner,34858,0,Marshall PLC,10.04,S3A 1BZ
Lauren,Hawkins,67,Female,False,2,married or civil partner,64586,0,Price and Sons,15.47,EC09 7EJ
Lydia,Harvey,77,Female,True,2,divorced,58339,32693,N/A,0,E1S 8UR
Hayley,Jarvis,48,Female,False,2,single,76829,0,Mason-Briggs,17.33,LE1 1HS
Stephen,Nash,43,Male,False,2,married or civil partner,85585,0,Pugh-Lynch,18.57,BB5A 4WN
Howard,Smart,37,Male,False,3,single,44439,0,Hill LLC,11.98,TF20 5BD
Nicola,Morris,34,Female,False,5,married or civil partner,61392,0,Dixon-Foster,14.96,S9 5GR
Geraldine,Patel,24,Female,False,2,married or civil partner,21046,0,Marsh and Sons,6.69,OL80 1PZ
Charlene,Farrell,55,Female,False,1,single,56656,0,"Fletcher, Ellis and Fisher",14.18,G95 1ZU
Darren,Tucker,77,Male,True,1,single,79562,38132,N/A,0,HP5W 8DN
Natalie,Wood,68,Female,False,2,married or civil partner,20282,0,Jordan Ltd,6.47,DT8B 5UJ
Maurice,Bruce,64,Male,False,2,single,86361,0,Godfrey LLC,18.68,WV16 3TR
Christopher,Marshall,38,Male,False,2,single,92595,0,Oliver-Davies,19.52,G3 1RA
Douglas,Holloway,23,Male,False,3,single,64098,0,Nash PLC,15.4,SR46 4WE
Lauren,Walker,48,Female,False,2,single,73700,0,"Singh, Nash and Taylor",16.87,B8F 2DP
Ruth,Ryan,31,Female,False,1,married or civil partner,88776,0,Brown-Chambers,19.0,SP60 7PR
Elliott,Jones,77,Male,True,3,married or civil partner,41301,25492,N/A,0,SR4 8RJ
Jason,Smith,32,Male,False,3,widowed,62289,0,"Williams, Morgan and Morris",15.11,SP16 5NE
Jake,Wallace,32,Male,False,1,married or civil partner,93201,0,"Johnson, Brookes and Young",19.6,E59 4DU
Joshua,Stewart,50,Male,False,1,married or civil partner,63233,0,Walker-Archer,15.26,E3B 0QY
Joshua,James,26,Male,False,1,married or civil partner,40455,0,"Foster, Morris and Thorpe",11.2,KY3 2RB
Sian,O'Neill,81,Female,True,2,single,69704,16512,N/A,0,EC89 1NE
Jennifer,Sharp,53,Female,False,2,widowed,95965,0,Harris-Walker,19.96,MK73 0TL
Jamie,Murphy,54,Male,False,1,single,31588,0,Griffin Group,9.32,GU4 3HD
Lorraine,Simpson,35,Female,False,2,divorced,89281,0,"Bailey, Booth and Giles",19.07,NG6 9EA
Rebecca,Ford,68,Female,False,1,married or civil partner,27643,0,"Fox, Evans and Jackson",8.4,ZE83 4DA
Gavin,Walker,91,Male,True,2,married or civil partner,52116,27847,N/A,0,L5 4SY
Michael,Howard,85,Male,True,2,single,80347,37185,N/A,0,NG9R 6WW
Claire,Williams,61,Female,False,3,married or civil partner,56852,0,"Smith, Lawson and Reid",14.21,WS22 1SB
Jake,Cox,82,Male,True,1,divorced,36900,11346,N/A,0,IP0 0RZ
Amy,Bell,59,Female,False,5,married or civil partner,65181,0,Patel and Sons,15.57,G2 7RD
Maria,Gilbert,58,Female,False,1,single,41587,0,Brown Group,11.43,B91 7ET
Owen,Barnett,60,Male,False,1,widowed,66965,0,Lane PLC,15.85,N16 5NW
Sandra,Green,43,Female,False,5,single,68447,0,"Norman, Savage and Carroll",16.08,G6 3LL
Kevin,Owen,87,Male,True,1,married or civil partner,51788,21940,N/A,0,KW94 4GB
Lesley,Kelly,68,Female,False,2,married or civil partner,83479,0,Howard Group,18.28,BB37 9PT
Jeremy,Ryan,81,Male,False,3,divorced,71016,0,Holland PLC,16.47,S7 4QL
Jason,Barnes,84,Male,True,1,single,25724,31494,N/A,0,L37 1RR
Kerry,White,37,Female,False,2,married or civil partner,81712,0,"Walker, Lewis and Whitehouse",18.03,DE1 2LF
Shirley,Newman,47,Female,False,2,single,53446,0,Scott LLC,13.63,SA15 7EH
Samantha,Taylor,31,Female,False,1,widowed,57054,0,"Ward, Chambers and Palmer",14.24,ME80 8PJ
Kyle,Lawson,63,Male,False,2,married or civil partner,86377,0,Harvey-Adams,18.68,CW07 7QZ
Carly,Stokes,53,Female,False,1,married or civil partner,52884,0,Tyler-West,13.53,S0 4UY
Olivia,Reid,51,Female,False,2,married or civil partner,30059,0,Richardson-Edwards,8.97,B7 9EA
Timothy,Gordon,32,Male,False,1,married or civil partner,56153,0,Dennis LLC,14.09,N11 1SZ
Mohamed,Gallagher,47,Male,False,5,married or civil partner,18852,0,"Wilson, Clark and Riley",6.06,CF74 7JR
Roger,Brown,28,Male,False,1,single,93642,0,Hardy and Sons,19.65,HR9 8PL
Leslie,Phillips,86,Male,True,1,single,23055,21270,N/A,0,G2E 9RA
Ronald,Bishop,83,Male,True,1,single,31124,34236,N/A,0,M6 3YB
Owen,Benson,41,Male,False,3,divorced,48672,0,"Berry, Knowles and Wright",12.77,SY5 2XX
Gemma,O'Brien,87,Female,True,2,single,54335,19224,N/A,0,N74 8UD
Owen,Mistry,87,Male,True,3,married or civil partner,23494,10593,N/A,0,M4 0GG
Harriet,Murray,19,Female,False,2,married or civil partner,71165,0,Kaur-Hughes,16.49,E7T 8UU
Mathew,Bennett,36,Male,False,3,married or civil partner,92404,0,"Gordon, Williams and O'Neill",19.49,LS2N 3XJ
Bryan,Parkes,27,Male,False,2,married or civil partner,48045,0,Williams-Hart,12.66,CV2E 1NY
Julie,Brooks,76,Female,False,3,married or civil partner,29679,0,Smith-French,8.88,DD1Y 5LN
Lewis,Smith,24,Male,False,2,single,63892,0,Mitchell-Watson,15.36,N90 7PD
Toby,Gray,85,Male,True,1,widowed,75530,16851,N/A,0,TD9 0UP
Hollie,Moore,50,Female,False,2,married or civil partner,18441,0,"Martin, Watson and Smart",5.94,G2 0XH
Roger,King,86,Male,True,2,single,87555,30717,N/A,0,SP1 3DP
Kayleigh,Allen,61,Female,False,2,married or civil partner,61383,0,Morrison and Sons,14.96,B51 0HJ
Rita,Price,55,Female,False,3,single,45306,0,"Ward, Holloway and Tucker",12.15,DL13 2LP
Margaret,Harris,23,Female,False,5,married or civil partner,51070,0,"Mahmood, Barker and Knight",13.21,E4H 2LA
Janice,Davies,84,Female,True,3,single,44976,25003,N/A,0,SS0 9AZ
Jade,Lewis,51,Female,False,1,single,83645,0,Holmes and Sons,18.3,M3J 5EW
Ricky,Daly,19,Male,False,2,divorced,26391,0,Lewis-Ahmed,8.09,TR12 3TH
Charlie,Hussain,35,Male,False,3,married or civil partner,41433,0,"Finch, Roberts and Steele",11.4,M3 2UB
Barry,Morgan,79,Male,True,1,married or civil partner,39708,19560,N/A,0,S69 2YA
Sian,Donnelly,21,Female,False,2,single,17854,0,Moore Inc,5.77,KY9 7DF
Shannon,Moore,41,Female,False,3,married or civil partner,45602,0,Riley-Edwards,12.2,TW3M 1JW
Margaret,Foster,54,Female,False,3,single,92666,0,Hamilton-Burgess,19.53,WA2M 6GQ
Barbara,Lucas,53,Female,False,2,married or civil partner,18217,0,"Coleman, Bird and Foster",5.87,E2H 0PN
Matthew,Brown,74,Male,True,2,married or civil partner,67100,28391,N/A,0,NP0 4FF
Glen,Baker,26,Male,False,2,married or civil partner,87446,0,Thompson Ltd,18.82,AB4 1TY
Zoe,Goddard,22,Female,False,1,widowed,86359,0,"Baldwin, Hardy and Lee",18.68,G9S 0XF
Julian,Cook,82,Male,True,3,married or civil partner,97767,31193,N/A,0,L3G 9TN
Fiona,O'Connor,51,Female,False,2,married or civil partner,73262,0,Middleton Group,16.81,EC27 7ZW
Josh,Ball,75,Male,False,1,single,24259,0,Law-Gregory,7.55,N53 4DQ
Jeffrey,Cameron,46,Male,False,1,single,70825,0,Clark Ltd,16.44,PR51 8GF
Anthony,Young,19,Male,False,1,married or civil partner,28759,0,"Hanson, Ball and Gill",8.66,DA8 2LX
Carol,Brown,18,Female,False,3,widowed,71556,0,"Harrison, Rowley and Short",16.55,ST6 6SB
Suzanne,Jackson,86,Female,True,1,divorced,33814,31560,N/A,0,S75 9ZW
Christopher,Gray,61,Male,False,3,married or civil partner,80980,0,"Price, Barnett and Davies",17.93,CW7P 8EU
Andrea,Thomas,51,Female,False,1,divorced,90260,0,Martin-Smith,19.2,BT47 8UD
Dennis,Whittaker,27,Male,False,2,divorced,64242,0,Hopkins-Shepherd,15.42,WN9W 5JP
Beth,Stephenson,84,Female,True,2,married or civil partner,63010,24707,N/A,0,E89 7YU
Bernard,Evans,41,Male,False,3,single,17177,0,Cooper PLC,5.56,DN2 3AD
Amber,Freeman,90,Female,True,1,single,41698,32436,N/A,0,W0 8PE
Michael,Griffiths,52,Male,False,2,married or civil partner,85525,0,Powell and Sons,18.56,G1C 9TZ
Jack,Taylor,90,Male,True,2,married or civil partner,84431,15553,N/A,0,G1U 9FX
Ruth,Howells,77,Female,False,3,single,85639,0,Jackson-Martin,18.58,W74 7NZ
Kate,Wright,80,Female,True,2,single,50027,22107,N/A,0,CF2X 2HT
Victoria,Clark,34,Female,False,4,married or civil partner,40886,0,"Collier, Smith and Evans",11.29,SL0A 0RU
Shannon,Begum,52,Female,False,2,divorced,58919,0,Murray PLC,14.56,S9K 3TB
Jordan,Mills,28,Male,False,4,married or civil partner,55132,0,Rogers Ltd,13.92,LL37 6WJ
Louis,Davies,59,Male,True,3,single,50192,29016,N/A,0,E0 0LX
Paula,Field,42,Female,False,2,married or civil partner,56520,0,Jones-King,14.15,E1 0HA
Mitchell,Edwards,20,Male,False,2,single,71063,0,Gill-Stokes,16.48,S2 9ZQ
Lauren,Atkinson,21,Female,False,5,married or civil partner,95230,0,Walker and Sons,19.86,WS1 5GQ
Sean,Cole,84,Male,True,1,divorced,81891,25288,N/A,0,HD59 5QH
Jacqueline,Little,88,Female,True,2,married or civil partner,49330,20840,N/A,0,E0G 0FF
Diana,Kelly,41,Female,False,2,married or civil partner,75561,0,Ahmed-White,17.15,B5E 4QL
Eleanor,Brown,75,Female,True,1,single,43975,24551,N/A,0,PE2 0SB
Luke,Stephenson,27,Male,False,5,single,60354,0,"Sykes, Black and Ward",14.79,LN9 3GB
Duncan,Price,24,Male,False,1,married or civil partner,83808,0,"Foster, Clark and Evans",18.32,E8D 9SQ
Robin,Dawson,66,Male,True,4,married or civil partner,83839,35100,N/A,0,N60 0UN
Kenneth,King,19,Male,False,3,married or civil partner,45275,0,"Stone, Sharpe and Fraser",12.14,TA4 8LD
Gemma,Evans,37,Female,False,1,married or civil partner,64402,0,"Ali, Hughes and Savage",15.45,G4D 8SH
Gary,Bennett,69,Male,True,2,divorced,75102,12930,N/A,0,S4 0TB
Margaret,Robinson,91,Female,True,4,married or civil partner,47813,34011,N/A,0,G1S 4NQ
Joyce,Briggs,54,Female,False,2,single,95846,0,Hall PLC,19.94,L7 2DG
Joseph,Hughes,50,Male,False,2,divorced,46033,0,Atkinson-Sharp,12.29,NR2 2SS
Reece,Watson,54,Male,False,1,married or civil partner,92530,0,Slater-Wheeler,19.51,WD2 1DE
Kerry,Harris,80,Female,False,2,married or civil partner,47968,0,"Hart, Smith and Hewitt",12.65,W3 0SA
Maurice,Clarke,81,Male,True,3,single,66669,12100,N/A,0,DN8W 5XR
Jane,Singh,48,Female,False,2,married or civil partner,41551,0,"Shaw, Moore and Williams",11.42,N5 8UH
Max,Owen,34,Male,False,3,single,38392,0,Morris LLC,10.79,NR34 2BR
Lewis,Smith,40,Male,False,2,married or civil partner,84386,0,Edwards PLC,18.4,N8U 2AP
Laura,Fowler,39,Female,False,1,married or civil partner,26499,0,Walker Group,8.11,RG45 7HX
Joshua,Lane,29,Male,False,2,married or civil partner,97949,0,Lewis-Johnson,20.21,L97 8AH
Andrea,Arnold,80,Female,True,2,married or civil partner,77734,42358,N/A,0,NE8Y 3QX
Kieran,Riley,57,Male,False,1,single,70480,0,Morgan Ltd,16.39,W0 8HZ
Bethan,Wood,29,Female,False,1,single,96922,0,Butler-Read,20.08,NR29 3AZ
Bethan,Griffiths,70,Female,True,2,single,17522,13618,N/A,0,N4K 9LE
Amy,Stone,25,Female,False,1,single,87618,0,Moore Ltd,18.85,G8J 1PY
Jade,Watts,37,Female,False,2,single,40344,0,Smart-Pearce,11.18,PO19 6BG
Nicole,Chan,47,Female,False,1,single,40040,0,Jennings LLC,11.12,B6W 7TN
Barbara,Conway,21,Female,False,1,single,86851,0,Ward-Ingram,18.74,E1K 1TJ
Rebecca,Faulkner,83,Female,True,4,married or civil partner,88870,27653,N/A,0,W28 5JD
Megan,Clark,39,Female,False,3,widowed,32745,0,"Butler, Hutchinson and Oliver",9.58,B35 9DH
Sara,Stewart,54,Female,False,3,single,24204,0,"Walters, Kemp and Power",7.53,N4 1PA
Russell,Smith,74,Male,False,2,married or civil partner,45072,0,Miller PLC,12.1,S1 1ZN
Luke,Butcher,32,Male,False,2,married or civil partner,85960,0,Brown-O'Brien,18.62,L7 4UU
Guy,Potter,56,Male,False,3,single,70096,0,Thomas-Andrews,16.33,G96 4FF
Gerald,Taylor,85,Male,True,1,divorced,22165,13837,N/A,0,YO2 0QL
Dylan,Rees,24,Male,False,5,married or civil partner,37997,0,Nicholls PLC,10.7,W87 8ZZ
Rachel,Fisher,67,Female,False,2,single,75208,0,Clark-Lambert,17.09,HU9A 4NZ
Graeme,Gallagher,68,Male,False,2,married or civil partner,20733,0,Lloyd Inc,6.6,KT7 3NN
Kelly,Williams,61,Female,False,1,married or civil partner,82154,0,Sinclair Ltd,18.09,L0C 8HG
Simon,Davies,64,Male,False,3,single,69284,0,Pearson Group,16.21,S4C 0XD
Alexandra,Holt,58,Female,False,1,married or civil partner,91526,0,Holmes Ltd,19.37,BD6 6SX
Charles,Brennan,50,Male,False,4,married or civil partner,23550,0,Knight Group,7.36,HS2 0BB
Caroline,Harris,31,Female,False,2,married or civil partner,61284,0,Ward Inc,14.94,S1 2YD
Oliver,Walker,41,Male,False,3,married or civil partner,55603,0,White PLC,14.0,BA5P 6ZB
Joanne,Fisher,74,Female,True,2,single,66507,38252,N/A,0,E7 1LJ
Carol,Edwards,62,Female,False,4,widowed,31334,0,Harper Ltd,9.26,HD8 8JD
Janice,French,49,Female,False,1,married or civil partner,34012,0,Barber-Robinson,9.86,CT8 1WL
Scott,Khan,89,Male,True,3,married or civil partner,36430,24330,N/A,0,BD21 6QY
Denis,Short,54,Male,False,2,married or civil partner,97433,0,Goodwin PLC,20.15,SM80 2FS
Reece,Wilson,20,Male,False,2,widowed,69020,0,"Taylor, Thornton and Clark",16.17,N8 7UE
Damien,Burrows,88,Male,True,2,single,97438,19532,N/A,0,ML1B 0YQ
Josh,Cooper,42,Male,False,2,single,88918,0,Ahmed-Thompson,19.02,DE87 0GH
Louis,Gardiner,31,Male,False,,widowed,70395,0,"Smith, Robson and Williams",16.38,NN0 0GA
Marc,Edwards,21,Male,False,2,married or civil partner,71644,0,Smith-Alexander,16.56,E44 1FD
Nicholas,Richardson,23,Male,False,1,single,73241,0,Williams-Parry,16.8,EH8 4EP
Robert,Taylor,46,Male,False,3,married or civil partner,63810,0,Owen PLC,15.35,OX9B 9WL
Teresa,Potter,61,Female,False,2,widowed,50801,0,"Farrell, Brown and Howells",13.16,E2 6XX
Cheryl,Howell,91,Female,True,2,married or civil partner,54154,14410,N/A,0,S34 4UY
Rachel,Matthews,18,Female,False,2,married or civil partner,74699,0,Robinson-Gardner,17.02,NG71 5GB
Kieran,Cole,18,Male,False,4,married or civil partner,32852,0,Jones Ltd,9.6,LA33 9WD
Eric,Wilson,80,Male,True,3,married or civil partner,92094,13526,N/A,0,B05 6DW
Denise,Kirby,23,Female,False,2,single,89268,0,Doyle LLC,19.07,M6D 1JX
Paula,Hart,40,Female,False,3,married or civil partner,78669,0,"Gray, Lloyd and Taylor",17.6,B9E 6ZT
Gerald,Hughes,49,Male,False,2,single,77117,0,King LLC,17.37,RG6V 4WY
Fiona,Lees,83,Female,True,2,married or civil partner,95970,17184,N/A,0,CR3Y 2AL
Catherine,Jones,78,Female,True,2,single,56828,13886,N/A,0,DN8 9ZS
Aimee,Norton,71,Female,False,3,married or civil partner,37987,0,Evans-Brown,10.7,G95 9US
Albert,Pritchard,52,Male,False,4,married or civil partner,78657,0,Mills LLC,17.6,FK6E 5JF
Olivia,Ward,38,Female,False,2,married or civil partner,35913,0,"Briggs, Taylor and Jones",10.27,N3 6SN
Nicholas,Francis,73,Male,False,2,married or civil partner,20423,0,Harrison LLC,6.51,B3J 9JZ
Chloe,Gallagher,76,Female,True,2,widowed,56661,23293,N/A,0,S4K 8EE
Ellie,Williams,65,Female,False,4,divorced,60910,0,"Walton, Saunders and Clark",14.88,S27 3QF
Alexander,Bennett,23,Male,False,2,married or civil partner,49984,0,"Smith, Evans and Bates",13.01,B0 5HQ
Graham,Brown,78,Male,True,2,married or civil partner,97915,29606,N/A,0,SA8 3EY
Shaun,Farrell,44,Male,False,2,married or civil partner,35395,0,Grant-Hill,10.16,RG71 8HH
Ashleigh,Thompson,47,Female,False,5,married or civil partner,69944,0,"Palmer, Jackson and Richardson",16.31,M02 2BU
Nicholas,Gray,69,Male,False,2,married or civil partner,35072,0,Patel-Bond,10.09,SL2 8FA
Garry,Evans,88,Male,True,3,divorced,18979,33864,N/A,0,SR33 7AN
Katy,Dixon,35,Female,False,4,married or civil partner,34452,0,Davies-Cooper,9.95,EH54 0AW
Joanna,Fowler,39,Female,False,3,single,43151,0,Taylor LLC,11.74,W1 4HH
Danielle,Davison,41,Female,False,1,married or civil partner,22954,0,"Stephens, Johnson and Morgan",7.21,B8E 8AB
Barbara,Patterson,40,Female,False,1,married or civil partner,28129,0,"White, Howard and Farmer",8.51,TS9Y 8GN
Lorraine,Morris,76,Female,False,1,single,66056,0,"Smith, Jones and Johnson",15.71,L33 4HD
Gary,Brookes,91,Male,True,5,married or civil partner,79170,26132,N/A,0,L3 7BB
Ronald,Harding,80,Male,True,3,married or civil partner,67439,20137,N/A,0,M5 7UL
Maria,Allen,50,Female,False,3,single,89384,0,"Brooks, Williams and Smith",19.09,WS3H 7WG
Glenn,Storey,79,Male,False,1,widowed,70455,0,"Hunter, Doyle and Brown",16.38,BH0E 7DR
Damian,Stewart,90,Male,True,2,single,84051,31758,N/A,0,S7 3YB
Joseph,Begum,57,Male,False,3,widowed,80926,0,"Watson, Pearson and Sanderson",17.92,HS2 5JA
Ashley,Cooper,31,Male,False,2,married or civil partner,31586,0,Buckley-Williams,9.32,BB4P 5EU
Jamie,Tucker,22,Male,False,2,married or civil partner,60951,0,"Kelly, Haynes and Wright",14.89,DD58 8GG
Vincent,Miah,74,Male,True,2,married or civil partner,86373,20420,N/A,0,DT3N 1ST
Toby,Davey,46,Male,False,3,married or civil partner,71278,0,"Taylor, Jones and Porter",16.51,M2F 8XH
Reece,Holmes,24,Male,False,3,married or civil partner,26803,0,Tyler-Booth,8.19,CA3 7ZS
Tracey,Ahmed,30,Female,False,1,single,37595,0,Smith Ltd,10.62,TD8P 5QY
Iain,Wilkinson,56,Male,False,2,married or civil partner,96802,0,Ward Ltd,20.07,B64 2ND
Gareth,Smith,28,Male,False,2,married or civil partner,21760,0,"Morgan, Dale and Watson",6.88,L0H 5NS
Leigh,Thompson,55,Male,False,3,single,70161,0,"Phillips, Payne and Russell",16.34,OL6P 5LA
Emma,Parry,80,Female,True,2,married or civil partner,38788,23532,N/A,0,LD1N 0RQ
Norman,Bradley,26,Male,False,2,single,91114,0,Price-Houghton,19.32,GL76 1LZ
Luke,Kaur,38,Male,False,1,single,56545,0,Wilson-Clarke,14.16,L21 0GW
Victoria,Stephens,71,Female,True,3,single,19502,38031,N/A,0,B58 8UB
Hugh,Robertson,89,Male,True,3,single,18259,28949,N/A,0,CR6B 6ZU
Mohammad,Chapman,59,Male,False,5,single,26629,0,"Harrison, Henry and Iqbal",8.15,L3 6HG
Lesley,Williams,53,Female,False,3,married or civil partner,28940,0,Price-Carter,8.71,B7 6XX
Robert,Ferguson,31,Male,False,3,divorced,42776,0,"Lewis, Hill and Nelson",11.66,CB0 9TQ
Hugh,Williams,70,Male,True,3,married or civil partner,39435,15493,N/A,0,E4T 9JR
Bethan,Fraser,70,Female,False,1,married or civil partner,23228,0,Anderson-Cook,7.28,S0K 0JQ
Carolyn,Page,77,Female,False,1,married or civil partner,69332,0,Lewis-Stokes,16.21,E27 3BW
Danny,Mason,62,Male,False,2,single,75332,0,Miller-Randall,17.11,IV25 3TR
Philip,Bell,77,Male,True,1,single,51049,33175,N/A,0,E6 1UP
Jean,Wilson,25,Female,False,1,married or civil partner,41414,0,Waters Inc,11.4,B5F 5TR
Alex,Carr,70,Male,False,3,single,79261,0,Simpson-O'Brien,17.68,W7 1DJ
Glenn,Burgess,33,Male,False,4,married or civil partner,85074,0,Francis-Shaw,18.5,E1W 0YS
Benjamin,Brown,35,Male,False,1,single,33183,0,"Gray, Robertson and Graham",9.68,L2 6XW
Katherine,Hutchinson,74,Female,False,3,married or civil partner,44207,0,Hunt-Flynn,11.94,GY07 2HH
Catherine,Rose,87,Female,True,,single,62977,22875,N/A,0,M3U 0EG
Eileen,Andrews,33,Female,False,1,married or civil partner,19788,0,Ellis-Bentley,6.33,W5 7XU
Dean,King,29,Male,False,3,widowed,17291,0,Green and Sons,5.59,BH9V 1BT
Dawn,Patterson,32,Female,False,4,single,25183,0,"Walker, Smith and Abbott",7.79,N64 3NW
Jane,Turner,51,Female,False,3,divorced,35294,0,Gardner-Parry,10.14,L8G 6QB
Eric,Mason,86,Male,True,2,married or civil partner,27842,26017,N/A,0,HP1 5EG
Elizabeth,Brown,73,Female,True,2,married or civil partner,48381,25355,N/A,0,DH71 6EQ
Nathan,Cooper,91,Male,True,2,married or civil partner,62337,27258,N/A,0,W25 3QD
Joyce,Yates,30,Female,False,2,single,73575,0,Hussain-Banks,16.85,BA88 5QN
Maureen,Marshall,73,Female,False,5,married or civil partner,53749,0,"Gill, Patel and Reid",13.68,BH3 6BS
Lesley,Patterson,24,Female,False,2,married or civil partner,36799,0,Thomas-Lewis,10.46,S6T 1UW
Danielle,Fisher,66,Female,True,2,single,54595,24003,N/A,0,E18 1AH
Claire,Noble,91,Female,True,2,married or civil partner,79230,21738,N/A,0,IG3 3FW
Leslie,Clark,85,Male,True,2,divorced,42580,37838,N/A,0,OL90 0SW
Georgia,Talbot,59,Female,False,2,married or civil partner,84270,0,Smith PLC,18.39,GL53 7JN
Tracy,Murray,62,Female,False,3,widowed,31762,0,"Whitehead, Hall and Davies",9.36,NE5E 1ST
Jeffrey,Howard,53,Male,False,2,married or civil partner,24817,0,"Clark, Davies and Green",7.69,OX46 5RB
Karl,Barber,34,Male,False,2,single,45118,0,"Simmons, Wright and Jones",12.11,G27 8NS
Ashley,West,65,Male,False,1,married or civil partner,40762,0,"Marshall, Atkinson and Short",11.27,W9 8QN
Frances,Blake,68,Female,False,2,single,30350,0,"Hart, Arnold and Campbell",9.04,DN6 3LU
Dylan,Craig,19,Male,False,3,married or civil partner,23153,0,Butler LLC,7.26,W4 4QX
Sara,Taylor,27,Female,False,2,married or civil partner,88314,0,Jones-Evans,18.94,MK9V 9HZ
Paula,Taylor,89,Female,True,1,married or civil partner,20682,12302,N/A,0,L1C 0EG
Beth,Day,59,Female,False,2,single,30528,0,"Johnson, Fowler and Thomas",9.08,S1C 9UL
Julia,Murphy,41,Female,False,4,single,93386,0,Evans PLC,19.62,RH2 1HS
Rita,Wilkins,63,Female,False,1,single,20014,0,"Murray, Jones and Pearce",6.4,E8 2ZF
Emma,Taylor,80,Female,True,2,single,46544,16604,N/A,0,TS6 8QX
Craig,White,40,Male,False,2,single,29532,0,Adams-Little,8.85,EC8 7AF
Lydia,Davies,79,Female,True,3,married or civil partner,42747,19589,N/A,0,CB8A 3UT
Donald,Francis,44,Male,False,2,married or civil partner,55939,0,"Connolly, Gregory and Roberts",14.06,L3 5TB
Connor,Smith,71,Male,False,3,married or civil partner,85382,0,Watson and Sons,18.54,LN3Y 7RS
Emma,Edwards,32,Female,False,2,married or civil partner,33449,0,"Rice, Harris and Morris",9.73,L7 4DF
Deborah,Bartlett,88,Female,True,2,divorced,76058,41396,N/A,0,CO4 0EJ
Amy,Turner,28,Female,False,4,married or civil partner,72457,0,"Bennett, Burton and Nicholls",16.69,PH27 8LA
Jake,Thompson,31,Male,False,1,single,43350,0,Lambert-Green,11.77,B2 5LY
Robin,Sheppard,79,Male,True,2,single,90017,33938,N/A,0,N40 8FS
Dylan,Talbot,35,Male,False,1,single,91741,0,"O'Donnell, Stevenson and James",19.4,N82 3GP
Harry,Young,37,Male,False,2,married or civil partner,19810,0,Allen Ltd,6.34,WN1 0AT
Georgina,Chapman,23,Female,False,1,married or civil partner,55040,0,Lane-Robinson,13.9,HR7B 5JN
Bernard,White,26,Male,False,2,married or civil partner,43576,0,Marshall-Harris,11.82,E4 3FW
Annette,Robson,79,Female,True,2,married or civil partner,34939,29485,N/A,0,CO4B 6TR
Karl,Davies,87,Male,True,2,single,33715,18671,N/A,0,BN5X 6TZ
Jayne,Baker,89,Female,True,1,married or civil partner,65277,33368,N/A,0,M6D 0TU
Mohammed,Sharp,80,Male,True,2,married or civil partner,20991,35142,N/A,0,W80 5AY
Tracey,Potts,27,Female,False,1,married or civil partner,55035,0,"Bradley, O'Neill and Kaur",13.9,BS7P 7TN
Carl,Thomas,31,Male,False,2,divorced,87428,0,"Porter, Bell and Cook",18.82,HX2 2SQ
Claire,Norman,90,Female,True,1,married or civil partner,74812,10972,N/A,0,ML1 7AZ
Damian,Daniels,91,Male,True,3,married or civil partner,75901,21654,N/A,0,AL9W 4SD
Chelsea,Johnson,39,Female,False,2,single,60285,0,"Price, Wood and Ali",14.78,UB0 8FG
Adam,Taylor,71,Male,True,2,married or civil partner,30279,21642,N/A,0,N73 1FD
Marc,Cook,31,Male,False,4,single,86174,0,Thomas-Howells,18.65,CM1 3PU
Gregory,Evans,75,Male,False,2,married or civil partner,98490,0,Clarke-Sykes,20.28,ME52 3HR
Sarah,Wilkins,88,Female,True,3,married or civil partner,44425,31093,N/A,0,G6K 7RU
Bethany,Ward,35,Female,False,3,divorced,61549,0,Smith Group,14.99,B7S 6UD
Danny,Lewis,80,Male,True,2,widowed,72240,21399,N/A,0,M5G 4PT
Ann,O'Neill,79,Female,True,4,single,19337,26614,N/A,0,WS44 3ZW
Carol,Banks,59,Female,False,3,married or civil partner,22784,0,Ross-Bailey,7.16,B59 1EE
Brenda,Bibi,90,Female,True,1,married or civil partner,54424,28402,N/A,0,BL68 3AE
Joanna,Brown,89,Female,True,1,divorced,22093,31606,N/A,0,L0A 4PU
Douglas,Hilton,23,Male,False,1,married or civil partner,50566,0,"Buckley, Hunt and Perry",13.12,M3A 8RL
Joanna,Turner,70,Female,False,1,married or civil partner,21506,0,Hall LLC,6.81,M27 5LS
Sylvia,Watson,70,Female,False,1,widowed,48978,0,Herbert PLC,12.83,G3U 1WS
Hollie,Walker,23,Female,False,2,married or civil partner,20431,0,Barker-Hurst,6.52,W46 7UT
Lewis,Chapman,71,Male,False,3,single,89081,0,Pearson-Smith,19.05,AB22 7PY
Hilary,McDonald,50,Female,False,2,widowed,70568,0,Wheeler-Roberts,16.4,CF41 5ZJ
Teresa,Patel,71,Female,True,1,married or civil partner,79803,21929,N/A,0,E8U 6WF
Frederick,Harris,21,Male,False,2,single,34175,0,"Walker, Marshall and Hill",9.89,G1K 6DF
Megan,Marsh,80,Female,True,1,married or civil partner,77243,17985,N/A,0,ZE0 2EB
Hugh,Moore,54,Male,False,2,married or civil partner,20417,0,"Smith, Williams and Bird",6.51,M60 5PL
Sarah,Stewart,64,Female,False,2,single,48628,0,Harding-Taylor,12.77,S1 3WS
Jennifer,Wall,25,Female,False,3,married or civil partner,42461,0,Gilbert-Coles,11.6,TR3 9QE
Carl,Thomas,37,Male,False,2,single,91647,0,"Waters, Roberts and Peacock",19.39,NR53 4NR
Megan,Khan,85,Female,True,4,single,84077,13901,N/A,0,SR6V 9UE
Amelia,Jones,31,Female,False,1,married or civil partner,64762,0,"Elliott, Rees and Howard",15.5,WR53 4BJ
Dominic,Shaw,50,Male,False,3,single,17445,0,Scott Ltd,5.64,SO9N 7QB
Gregory,Knowles,91,Male,True,2,married or civil partner,83845,28289,N/A,0,NE85 1RG
Emma,James,49,Female,False,1,single,21890,0,Payne-Smith,6.92,EC3N 6WF
Rita,Jennings,85,Female,True,1,single,51094,21219,N/A,0,S60 5PX
Bethany,White,84,Female,True,3,divorced,85975,27303,N/A,0,G50 5GN
Jordan,Williams,82,Male,True,1,single,39988,18413,N/A,0,LN55 6EW
Jayne,Shepherd,52,Female,False,4,single,85826,0,"Wright, McDonald and Simpson",18.6,L02 9BU
Andrew,White,28,Male,False,2,married or civil partner,66279,0,Bond-Connor,15.74,L2 0WX
Reece,Griffin,81,Male,True,5,married or civil partner,87777,27246,N/A,0,W7 6BH
Katherine,Taylor,56,Female,False,2,married or civil partner,78324,0,Connolly and Sons,17.55,HP4 8RG
Damian,Mitchell,55,Male,False,2,married or civil partner,47468,0,"Jackson, Phillips and Willis",12.55,SM0 8JP
Ricky,Cameron,58,Male,False,3,married or civil partner,37584,0,Smith-Morley,10.62,HP32 1NT
Mohammed,Thomas,58,Male,False,4,widowed,31647,0,Jones-Adams,9.33,G1 6GL
Bradley,Dickinson,87,Male,True,2,married or civil partner,32130,39135,N/A,0,E29 3YT
Trevor,Begum,89,Male,True,2,single,39341,29392,N/A,0,S2 8SA
Josephine,Burns,18,Female,False,1,single,55331,0,Brown-Edwards,13.95,E6 8LU
Barbara,Marshall,50,Female,False,2,married or civil partner,73438,0,Newman PLC,16.83,E58 7EZ
Alexander,Wallace,21,Male,False,3,single,75949,0,Simpson-Thorpe,17.2,PA1V 6NZ
Stacey,Tucker,66,Female,False,3,single,25093,0,Henderson Group,7.76,S17 0PW
Marc,Mitchell,64,Male,True,2,single,95249,34528,N/A,0,M7J 8PN
Mitchell,Jones,35,Male,False,2,married or civil partner,75719,0,"Richardson, Palmer and Watson",17.17,G3U 7RL
Elliot,White,70,Male,False,3,single,58000,0,Frost Group,14.4,M0 3GZ
Patrick,Phillips,26,Male,False,2,married or civil partner,64361,0,"Bentley, Richards and Wright",15.44,E2 1YE
Sheila,Price,65,Female,False,2,married or civil partner,80184,0,Cox-Allen,17.81,AB0M 6PF
Melissa,Martin,47,Female,False,2,single,65376,0,Hall-Martin,15.6,G4 4WY
Darren,Edwards,77,Male,True,4,single,57720,33451,N/A,0,SS44 1XG
Andrew,Mills,90,Male,True,5,single,34619,27895,N/A,0,WR63 8TG
Albert,Kay,22,Male,False,3,divorced,21593,0,Brown and Sons,6.84,AL1 6YU
Sean,Wilson,79,Male,True,,married or civil partner,93354,20184,N/A,0,N7H 9DN
Nathan,Gibson,37,Male,False,2,married or civil partner,95847,0,"Roberts, Potter and Wells",19.94,DD0 3FG
Alex,Cooper,60,Male,False,1,married or civil partner,72056,0,"Palmer, Austin and Holmes",16.63,M1B 4SR
Kieran,Godfrey,64,Male,False,3,single,92731,0,Heath-Lewis,19.53,PH8Y 6EJ
Eric,Berry,45,Male,False,1,single,71861,0,Walton PLC,16.6,B7T 8RD
Jayne,Briggs,22,Female,False,1,single,84442,0,Griffiths and Sons,18.41,W54 5GA
Stewart,Crawford,25,Male,False,2,married or civil partner,67874,0,"Field, Johnson and Davies",15.99,TN84 7BX
George,Newman,23,Male,False,2,divorced,81007,0,"Wallace, O'Neill and Foster",17.93,M6T 7WX
Ross,Martin,36,Male,False,1,single,91420,0,Willis-Cole,19.36,L38 8RA
Keith,Edwards,89,Male,True,1,single,43476,28955,N/A,0,GU0 6NQ
Patricia,Robinson,28,Female,False,2,single,29382,0,Ahmed-Cox,8.81,B6A 3TJ
Janice,Carey,47,Female,False,2,married or civil partner,43099,0,"Baker, Cole and Brooks",11.73,L76 2RS
Diane,Goodwin,77,Female,True,1,divorced,40141,22167,N/A,0,M5C 8EG
Roger,Parker,55,Male,False,2,married or civil partner,51229,0,Owen PLC,13.24,B6 3YY
Cameron,Saunders,70,Male,False,2,single,52100,0,Roberts-Lewis,13.39,KT7W 0BW
Marilyn,Bradley,74,Female,True,2,married or civil partner,18195,38502,N/A,0,L8F 7EH
Carol,Fitzgerald,83,Female,True,2,single,61778,19095,N/A,0,TN8 6DB
Samuel,Chapman,48,Male,False,4,single,53808,0,"Whitehouse, Whitehouse and Boyle",13.69,SO23 3DF
Guy,Mitchell,27,Male,False,3,married or civil partner,93290,0,Cross-Roberts,19.61,N3 2YW
Kieran,Williams,56,Male,False,2,single,77617,0,Curtis and Sons,17.45,NP4 7JG
Dylan,Kerr,67,Male,False,2,single,24233,0,Mason-Brown,7.54,LE38 3PD
June,O'Brien,27,Female,False,2,single,75297,0,Garner-Jones,17.11,B16 3XA
Edward,Griffiths,59,Male,False,3,single,24093,0,Moore PLC,7.51,N9B 9ZZ
Lesley,Walker,45,Female,False,1,widowed,21125,0,"Burton, Watson and Quinn",6.71,W9E 8GN
Ross,Marshall,40,Male,False,2,single,59706,0,Smith PLC,14.69,LS36 1SP
Kate,Pugh,77,Female,True,1,married or civil partner,52728,25342,N/A,0,BS7 1FP
Lynne,Hudson,37,Female,False,2,single,67770,0,"Sims, White and Vincent",15.97,CM32 4RS
Denise,Pearson,60,Female,False,1,single,80703,0,Wall Inc,17.89,N0 9LZ
Robert,White,27,Male,False,2,married or civil partner,48955,0,Jones and Sons,12.83,WS3 9HH
Bryan,Jackson,79,Male,True,1,married or civil partner,96229,26266,N/A,0,PL4N 9QU
Eric,Lee,25,Male,False,1,married or civil partner,79533,0,Cooper-Cole,17.72,S5 0UR
Kenneth,Chambers,53,Male,False,2,married or civil partner,81365,0,Barton-Griffiths,17.98,L85 3TN
Lynn,Murray,40,Female,False,2,married or civil partner,87969,0,"Jones, Turner and Russell",18.9,CM21 2TL
Josephine,Rice,64,Female,False,4,married or civil partner,17972,0,"Griffin, Harris and Jackson",5.8,WS4H 6GZ
Joyce,Smart,22,Female,False,3,widowed,46825,0,"Cooper, Bradley and Macdonald",12.43,B39 4UN
Kate,Talbot,43,Female,False,2,married or civil partner,41365,0,Heath-Newman,11.39,RM56 1PR
Elliot,Evans,32,Male,False,2,single,22184,0,Bond Inc,7.0,M9 5EX
Stacey,Sutton,70,Female,False,1,married or civil partner,34078,0,Forster-Burton,9.87,G85 7SX
Wayne,Jones,56,Male,False,4,married or civil partner,41596,0,Williams-Holmes,11.43,RM8 1TN
Ricky,Young,60,Male,False,2,married or civil partner,58761,0,Bishop-Howard,14.53,L5 2JD
Elliott,Jones,30,Male,False,2,single,24799,0,Gray LLC,7.69,E8 1GJ
Guy,Carter,71,Male,True,4,married or civil partner,36119,49182,N/A,0,BL5 1TW
Conor,Cox,46,Male,False,1,married or civil partner,19503,0,Thompson-Allen,6.25,DH08 9JB
Barry,Young,87,Male,True,2,single,70331,30675,N/A,0,BN1 3GB
Owen,Doherty,21,Male,False,2,married or civil partner,62735,0,Abbott-Finch,15.18,NE7 5WJ
Kieran,Reeves,19,Male,False,3,single,18832,0,Davison Group,6.06,CF1 4ZP
Kenneth,Andrews,89,Male,True,3,married or civil partner,48998,17950,N/A,0,DE9 0HS
Harry,Tomlinson,63,Male,False,2,widowed,35125,0,Stewart-Robinson,10.1,G37 0TN
Robert,Owen,65,Male,False,2,married or civil partner,41750,0,"Sykes, King and Robinson",11.46,NN1M 4PY
Dorothy,Lane,80,Female,False,2,married or civil partner,84421,0,"Wong, Rose and Johnston",18.41,L4B 6QD
Jason,Cooke,62,Male,False,1,married or civil partner,19942,0,"Andrews, McCarthy and Gregory",6.38,DD67 2LL
Justin,Brown,41,Male,False,5,single,89801,0,"Smith, Howells and Johnson",19.14,L59 4ST
Eileen,Hall,60,Female,False,3,married or civil partner,57204,0,"Allen, Martin and Akhtar",14.27,G5T 8FT
Leigh,Taylor,24,Male,False,2,married or civil partner,66847,0,Jones Inc,15.83,G7H 1GB
Francesca,Wilson,83,Female,True,4,married or civil partner,29146,21473,N/A,0,TS2M 2YU
Gary,Cole,79,Male,True,3,married or civil partner,60005,26783,N/A,0,S4 5LN
Natalie,Cox,79,Female,True,2,single,74300,19724,N/A,0,L2T 2UH
Lisa,Harris,70,Female,False,2,single,24742,0,Taylor-Campbell,7.67,W2 9DB
Allan,Fox,50,Male,False,5,married or civil partner,22285,0,"Hill, Adams and Hodgson",7.03,N6F 9JE
Ross,Smith,52,Male,False,3,married or civil partner,62685,0,Wright-Vincent,15.17,IV0 2EE
Derek,Hewitt,78,Male,True,2,married or civil partner,82539,34008,N/A,0,W38 8FF
Jamie,Fraser,28,Male,False,2,divorced,37098,0,Gregory-Singh,10.52,E7 5EA
Aimee,Taylor,54,Female,False,5,married or civil partner,92578,0,Fisher-Johnson,19.51,FK5 7WU
Shannon,Price,21,Female,False,2,married or civil partner,31297,0,"Richardson, Davey and Stephenson",9.25,KT9P 9YD
Mary,Austin,87,Female,True,1,single,50170,26742,N/A,0,W6C 1HL
Lawrence,Bailey,33,Male,False,1,married or civil partner,89412,0,Pearce-Hall,19.09,S4 1QT
Jessica,Thomas,72,Female,True,2,married or civil partner,28629,28791,N/A,0,WC9 4BN
Charlie,Mitchell,27,Male,False,2,single,65792,0,Woodward-Kerr,15.67,B04 4HN
Rita,Young,84,Female,True,3,single,25151,15921,N/A,0,HS4 1QJ
Harry,Lynch,44,Male,False,3,married or civil partner,42420,0,Williams Group,11.59,DY1W 0QL
Ricky,Smith,26,Male,False,2,single,35518,0,Smith-Daly,10.18,S5 5GT
Liam,Kay,61,Male,False,3,married or civil partner,97630,0,Schofield PLC,20.17,ST65 4GJ
Marie,Mason,26,Female,False,2,married or civil partner,61546,0,Townsend Ltd,14.99,G5C 1XZ
Elliott,Willis,86,Male,True,2,widowed,40224,23010,N/A,0,BN4W 4SL
Josephine,Kirby,41,Female,False,4,widowed,88906,0,"Hall, Rowe and Thomas",19.02,W16 9TA
Gerald,Pearson,75,Male,True,2,divorced,76017,24001,N/A,0,WA50 7EE
Nicola,Bruce,86,Female,True,1,single,43284,15613,N/A,0,B6K 6RA
Rebecca,Smith,54,Female,False,2,divorced,82695,0,Hall PLC,18.17,W6K 4LB
Maria,Jones,66,Female,False,3,married or civil partner,90637,0,"Lawrence, Knight and Smith",19.26,S6 0XT
Colin,Davies,86,Male,True,2,single,72812,38345,N/A,0,SM7 5GH
Albert,Dawson,21,Male,False,1,married or civil partner,92197,0,West and Sons,19.46,ZE0Y 3UR
Janet,Farmer,90,Female,True,1,divorced,34118,25514,N/A,0,DN6W 7SU
Claire,Lee,38,Female,False,2,single,32579,0,Baldwin LLC,9.54,M3 5AB
Eileen,Johnson,37,Female,False,2,married or civil partner,75645,0,Stokes PLC,17.16,W9S 0LG
Jean,Dickinson,82,Female,True,2,married or civil partner,98839,30919,N/A,0,EX19 2JY
Paula,Davies,53,Female,False,2,married or civil partner,47539,0,"Watts, Harper and Khan",12.57,HG7R 2ED
Daniel,Baker,27,Male,False,2,married or civil partner,68829,0,"Bell, Finch and Miles",16.14,WD6 3AQ
Shannon,Jones,29,Female,False,2,married or civil partner,82619,0,Smith-Doherty,18.16,SE22 7JZ
Kelly,Dodd,60,Female,False,2,married or civil partner,77275,0,"Hughes, Carroll and Skinner",17.4,E34 0FH
Christine,Weston,28,Female,False,2,single,58230,0,Hamilton Ltd,14.44,WV02 2AA
Mohamed,Lynch,87,Male,True,2,married or civil partner,67021,27091,N/A,0,W6 9BE
Daniel,Martin,48,Male,False,1,single,94983,0,Moore-Owen,19.83,S9 1FD
Lynn,Norris,30,Female,False,2,single,36332,0,O'Donnell and Sons,10.36,CA5A 9DD
Victor,Roberts,84,Male,True,2,single,65100,31553,N/A,0,E1 8LP
Alex,Dean,33,Male,False,3,married or civil partner,51979,0,"Holmes, Fuller and Price",13.37,DE1B 9QJ
Malcolm,Clarke,90,Male,True,2,married or civil partner,17150,34325,N/A,0,BN8 4AU
Leah,Freeman,44,Female,False,1,single,92480,0,"Schofield, Hicks and Turner",19.5,CF6 0UE
Patrick,Hawkins,25,Male,False,1,married or civil partner,78571,0,"Barker, Bryan and Banks",17.58,WD5 7XW
Gordon,Harrison,52,Male,False,1,divorced,54295,0,"Wilson, Cooper and Mann",13.77,B83 4ZP
Roger,Smith,70,Male,False,2,married or civil partner,82058,0,Welch-Reynolds,18.08,PE4 8RA
Sally,Rowe,77,Female,True,2,married or civil partner,28950,25100,N/A,0,W9H 1FE
Kyle,Brookes,42,Male,False,3,married or civil partner,28694,0,Hart-Davis,8.65,KW2Y 3YZ
Georgina,O'Neill,78,Female,True,1,single,87004,42704,N/A,0,WN00 1QZ
Clare,Edwards,20,Female,False,3,single,44831,0,Bryan-White,12.06,E7K 0RP
Nicholas,Spencer,71,Male,False,1,divorced,41190,0,Riley LLC,11.35,W4 0GW
Elizabeth,Sanders,62,Female,False,3,married or civil partner,69457,0,"Allen, Hudson and Shaw",16.23,HS34 8TP
Nicholas,Price,82,Male,True,3,married or civil partner,41252,30559,N/A,0,BN7V 6BN
Shane,Chambers,55,Male,False,1,married or civil partner,83585,0,Morris Ltd,18.29,S4D 8SR
Neil,Stephenson,50,Male,False,2,married or civil partner,75351,0,Robinson-Newman,17.12,N1 2AP
Patrick,Fisher,21,Male,False,,widowed,39647,0,Turner Ltd,11.04,OL41 3WP
Bryan,Daniels,74,Male,False,2,single,90717,0,"Fisher, Gould and Wallis",19.27,E9 1TP
Cameron,Hudson,63,Male,False,3,single,94870,0,Jarvis Group,19.82,BT43 3WF
Carly,Lambert,23,Female,False,1,widowed,57764,0,Brooks-Coates,14.36,G8 5QU
Jake,Cox,47,Male,False,1,married or civil partner,84517,0,"Clarke, Jones and Naylor",18.42,M1 9TU
Jay,Richardson,37,Male,False,2,married or civil partner,20474,0,Webster-Ford,6.53,G7 2SE
Terry,Walters,47,Male,False,2,married or civil partner,22568,0,Gregory LLC,7.1,M7 0SN
Suzanne,Hayward,67,Female,True,4,married or civil partner,20605,32121,N/A,0,G4T 1NH
Michelle,Payne,47,Female,False,2,married or civil partner,23721,0,"Howarth, Hughes and Wilkinson",7.41,W4J 9SB
Jill,Bull,31,Female,False,3,single,86824,0,Gough-Stevens,18.74,E92 4LN
Simon,Walker,31,Male,False,2,single,66392,0,Riley PLC,15.76,S9T 7ZJ
Jack,Hughes,76,Male,True,5,single,52553,20077,N/A,0,TF3A 5TJ
Karen,Baxter,38,Female,False,2,single,83302,0,"Anderson, Howard and Roberts",18.25,E2 0QE
Benjamin,Taylor,22,Male,False,1,single,32528,0,Henderson PLC,9.53,N31 4FW
Chelsea,Robson,28,Female,False,2,single,45222,0,Robinson LLC,12.13,E93 7WD
Roy,Moore,34,Male,False,1,married or civil partner,97427,0,Freeman Ltd,20.15,W17 0LF
Nicola,Allen,80,Female,True,3,single,60449,22674,N/A,0,TA85 8SY
Jacqueline,Matthews,61,Female,False,2,married or civil partner,88824,0,Murphy Inc,19.01,L8F 8HL
Emily,Morris,36,Female,False,3,single,70294,0,Baker PLC,16.36,W10 2GX
Antony,King,83,Male,True,2,married or civil partner,58777,34454,N/A,0,M7J 6RE
Michelle,Storey,38,Female,False,2,married or civil partner,25349,0,Storey Group,7.83,L1 8TQ
Jenna,Wells,65,Female,False,2,married or civil partner,52610,0,Robertson-Faulkner,13.48,HR8 9HZ
Adrian,Taylor,20,Male,False,2,married or civil partner,25691,0,Glover-Perkins,7.91,BS8 3AS
William,Clarke,86,Male,True,1,widowed,97816,29071,N/A,0,BT5X 2ZF
Alexander,Newman,87,Male,True,2,single,63580,24227,N/A,0,SG4X 1TY
Kim,Johnson,84,Female,True,3,single,89241,29015,N/A,0,IV4V 9WX
Marc,Armstrong,55,Male,False,3,married or civil partner,81275,0,"Gill, Brooks and Jones",17.97,W7 7EU
Louise,Harrison,44,Female,False,4,married or civil partner,90945,0,Mason-Peacock,19.3,SM36 0QH
Rita,Robinson,38,Female,False,1,married or civil partner,37029,0,Bull-Chapman,10.5,M37 5PN
Abigail,Green,65,Female,False,1,single,69903,0,Watkins and Sons,16.3,NG0 3HF
Frederick,Foster,31,Male,False,1,married or civil partner,45531,0,"Francis, Brennan and George",12.19,S3U 6FL
Julian,Griffiths,89,Male,True,2,married or civil partner,18044,26143,N/A,0,M43 4PX
Vincent,Todd,85,Male,True,1,divorced,44952,25702,N/A,0,SR4P 3NY
Zoe,Johnson,32,Female,False,3,single,20131,0,"Parker, Dean and Shepherd",6.43,WF5 0PS
Denis,Pearce,82,Male,True,3,married or civil partner,80220,18835,N/A,0,S40 7AX
Leigh,Clarke,55,Male,False,2,married or civil partner,65807,0,Long Inc,15.67,IM23 9XH
Duncan,Ford,66,Male,False,2,widowed,21710,0,Webb LLC,6.87,W0K 1NE
Guy,Begum,57,Male,False,2,single,83266,0,Tomlinson-Campbell,18.25,W4 4HT
Deborah,Fowler,84,Female,True,2,widowed,48138,30438,N/A,0,SE4 3YN
Jacob,Fox,52,Male,False,2,divorced,98256,0,Hall Ltd,20.25,S3 2FP
Kerry,Law,37,Female,False,1,married or civil partner,32253,0,"Watson, Clarke and Jones",9.47,G4G 3LD
Thomas,Clements,57,Male,False,1,married or civil partner,80804,0,Hughes-White,17.9,N3 2RP
Kimberley,Lee,89,Female,True,1,married or civil partner,64536,24131,N/A,0,ST0 8RT
Benjamin,Smith,44,Male,False,3,married or civil partner,33228,0,"Baxter, Johnson and Houghton",9.69,E5S 4XW
Jodie,Taylor,40,Female,False,1,single,28114,0,"Williams, Davidson and Kelly",8.51,RH6 0QD
Dominic,Wood,75,Male,True,2,married or civil partner,93238,33938,N/A,0,N4H 1GJ
Victor,Ford,45,Male,False,3,single,75482,0,Summers LLC,17.13,EN4Y 0NP
Claire,Gilbert,60,Female,False,2,married or civil partner,54943,0,"Harding, Reynolds and Kelly",13.88,E2 5BN
Dylan,Brown,23,Male,False,1,single,62178,0,Day-Whitehouse,15.09,CA57 4EG
Peter,Higgins,61,Male,False,1,divorced,35668,0,Douglas-Carr,10.22,B77 8ZN
Fiona,Powell,41,Female,False,2,married or civil partner,70808,0,Price-Bailey,16.44,NN9P 2BJ
Bethan,Nicholls,81,Female,True,2,single,94290,24079,N/A,0,JE0A 4WZ
Ashleigh,Williams,91,Female,True,1,divorced,25138,11751,N/A,0,BD7 9AL
Lynn,Bradley,82,Female,True,1,divorced,78968,29538,N/A,0,E22 9LU
Kerry,Bennett,82,Female,True,1,single,59382,32522,N/A,0,SN7B 6GW
Georgia,Cunningham,64,Female,False,1,married or civil partner,73217,0,"Jones, Jarvis and Owens",16.8,M9 0NW
Oliver,Hart,51,Male,False,1,married or civil partner,62787,0,"Middleton, Lowe and Taylor",15.19,L1E 7AU
Josephine,Dunn,70,Female,False,1,single,39273,0,Patel PLC,10.97,G54 7HA
Albert,Fisher,19,Male,False,1,married or civil partner,81166,0,"Bevan, Carter and Thomson",17.95,PR9V 9ZJ
Wendy,Smith,75,Female,True,2,divorced,75381,33300,N/A,0,KT4V 7ZH
Alice,Sullivan,23,Female,False,1,single,72910,0,Pratt-Spencer,16.75,M2T 7AB
Victoria,Daniels,52,Female,False,2,widowed,48894,0,Law Inc,12.81,E1G 6ZT
Georgia,Campbell,70,Female,False,2,single,75084,0,Thompson and Sons,17.08,DY59 5DL
Rebecca,Roberts,65,Female,False,1,single,38463,0,Martin-Collins,10.8,E0T 7BT
Jayne,Lee,33,Female,False,2,divorced,28446,0,Power LLC,8.59,CW80 9JP
Diane,Wood,56,Female,False,1,married or civil partner,21680,0,Barrett Ltd,6.86,BD2 5GT
Hazel,Thomson,64,Female,False,,single,93837,0,Newton-Harrison,19.68,DL8P 1AJ
Hayley,Owen,73,Female,True,1,divorced,39250,24116,N/A,0,W30 0AW
Roy,Frost,75,Male,True,1,widowed,37216,36335,N/A,0,E9 7ES
Roger,Williams,91,Male,True,2,married or civil partner,29249,20198,N/A,0,M2C 4ZN
Alan,Pritchard,19,Male,False,1,widowed,73437,0,Thomas-Ellis,16.83,RH65 6FG
Sandra,Bell,91,Female,True,3,single,72394,37055,N/A,0,CO9M 2FA
Hayley,Skinner,86,Female,True,3,single,86029,27581,N/A,0,SG94 2UZ
Jennifer,Birch,50,Female,False,,widowed,57054,0,"Cunningham, Singh and Murphy",14.24,M1 3BD
Glen,Lewis,18,Male,False,3,married or civil partner,54871,0,Hawkins-Sims,13.87,HP1W 8LJ
Joseph,Ellis,20,Male,False,2,married or civil partner,92430,0,"Scott, Lee and Brookes",19.49,G91 4UQ
Julie,Brown,61,Female,False,3,married or civil partner,98284,0,"Davies, Pearce and Field",20.26,FY57 9EU
Jacqueline,Brown,29,Female,False,2,married or civil partner,24604,0,"Jones, Williams and Taylor",7.64,ZE96 7WN
Victor,Jones,52,Male,False,2,married or civil partner,38072,0,"Power, Stevens and Haynes",10.72,W2C 4WY
Hollie,Hughes,85,Female,True,2,divorced,85922,24039,N/A,0,LN77 6RG
Mohammed,Clark,19,Male,False,2,single,95525,0,"Peacock, Vincent and Richards",19.9,L90 8QN
Jodie,Cross,86,Female,True,1,married or civil partner,37204,27170,N/A,0,M4 9RY
Donna,Stokes,43,Female,False,3,married or civil partner,88800,0,Martin-Hughes,19.01,WN57 1BU
Marilyn,Smith,90,Female,True,2,single,43561,23590,N/A,0,N5W 2JW
Terence,Hudson,41,Male,False,3,married or civil partner,93693,0,"Marsh, Patel and Hayward",19.66,SK3 6UB
Matthew,Welch,53,Male,False,3,single,82142,0,"Tucker, Long and Newman",18.09,PE7 0QP
Clifford,Nixon,18,Male,False,3,married or civil partner,30153,0,"Smith, Collins and Schofield",8.99,E56 5NB
Howard,Powell,20,Male,False,2,single,51651,0,"Edwards, White and Walker",13.31,E5 2YS
Sandra,Williams,30,Female,False,3,married or civil partner,73757,0,Lewis and Sons,16.88,G6 1YY
Steven,Allen,73,Male,False,2,single,94181,0,"Morgan, Burns and Murphy",19.72,OX7M 0PD
Patricia,Murray,39,Female,False,2,widowed,78632,0,Smith-Allan,17.59,L8F 1ZW
Pamela,Lewis,32,Female,False,2,single,53950,0,Page LLC,13.71,TD7 4ZP
Keith,Jones,48,Male,False,3,married or civil partner,41310,0,"Newton, Cooper and Knight",11.37,B9 0AH
Toby,Bailey,23,Male,False,2,married or civil partner,60350,0,"Richards, Harris and Palmer",14.79,KY4R 1PP
Joseph,Harrison,74,Male,True,2,widowed,34163,23136,N/A,0,BS26 8YU
Stewart,Dyer,81,Male,False,2,single,25812,0,"Thomas, Ryan and Ward",7.94,JE48 2QS
Dennis,Shaw,36,Male,False,2,single,94390,0,"Mitchell, Davies and Ellis",19.75,NG7B 2DJ
Lindsey,McDonald,53,Female,False,1,married or civil partner,84585,0,Hutchinson Group,18.43,B24 1TT
Ellie,Taylor,74,Female,False,3,divorced,67360,0,Miller Ltd,15.91,BH7W 5WR
Natalie,Nicholson,89,Female,True,2,married or civil partner,96739,17734,N/A,0,BN7B 0LP
Kyle,Ali,83,Male,True,3,single,83060,24281,N/A,0,N9T 8PB
Rosemary,Khan,33,Female,False,2,married or civil partner,46643,0,"Wilson, Cunningham and Fletcher",12.4,TA02 6YX
Lorraine,Randall,46,Female,False,2,single,57192,0,Clarke Group,14.27,L1T 8WU
Derek,Riley,42,Male,False,1,married or civil partner,94622,0,Butcher Ltd,19.78,M5 5NU
Stephen,Fisher,21,Male,False,3,single,42146,0,Knight LLC,11.54,TW56 6AE
Sian,Watkins,22,Female,False,4,single,49313,0,"Ali, Barker and Bell",12.89,S9 5DP
Zoe,Webb,85,Female,True,3,married or civil partner,64419,34002,N/A,0,N9 9QE
Chloe,Pugh,75,Female,False,2,married or civil partner,69651,0,"Marshall, Foster and Jones",16.26,HA6 9RW
Dylan,Williams,85,Male,True,2,married or civil partner,17754,28111,N/A,0,G3 4EZ
Lucy,Day,79,Female,True,3,married or civil partner,80335,20237,N/A,0,N1 4YE
Julian,Young,69,Male,False,2,single,61540,0,Metcalfe Group,14.99,M69 8ED
Thomas,Harris,57,Male,False,3,married or civil partner,35970,0,"Williams, Jones and Taylor",10.28,S7K 6LF
Lorraine,Williamson,75,Female,False,1,married or civil partner,44496,0,Palmer PLC,11.99,LE20 8GA
Denise,Griffiths,18,Female,False,4,single,42415,0,"Harris, Humphreys and Henry",11.59,BS4 1GG
Gillian,Mason,88,Female,True,2,divorced,52668,34122,N/A,0,DG0A 2HF
Maureen,Richardson,57,Female,False,2,married or civil partner,93979,0,Lewis Group,19.7,SS7B 7TZ
Lucy,George,47,Female,False,1,divorced,98455,0,"Davies, Lee and O'Donnell",20.28,S6 6XB
Conor,Shah,71,Male,True,3,married or civil partner,37717,19197,N/A,0,KT34 7AS
Bryan,Riley,31,Male,False,2,single,81826,0,Thorpe-Webster,18.05,G3C 5UT
Marilyn,Jenkins,69,Female,False,3,divorced,28114,0,Harvey-Thomas,8.51,KT47 0YT
Joanna,Holmes,59,Female,False,3,widowed,40045,0,Bennett-Morgan,11.12,L8 6UT
Liam,Ryan,20,Male,False,2,married or civil partner,30332,0,Ali-Weston,9.03,DH8H 4SZ
Douglas,Weston,51,Male,False,2,single,91784,0,Cooper PLC,19.41,DY6M 0BL
Barry,Turner,88,Male,True,1,married or civil partner,20726,21077,N/A,0,N5 5SH
Anne,Evans,62,Female,False,1,single,42397,0,Baker-Parker,11.59,M70 5EH
Zoe,Davies,79,Female,True,3,married or civil partner,84925,21349,N/A,0,E7E 8RB
Jacob,Stanley,84,Male,True,2,married or civil partner,36756,15414,N/A,0,CT15 6UG
Aimee,Lewis,67,Female,False,3,single,94620,0,"Williams, Newton and Evans",19.78,B0D 6TT
Eileen,McCarthy,66,Female,False,2,single,90695,0,Barton LLC,19.26,WC9A 0BW
Frank,Begum,61,Male,False,3,married or civil partner,39193,0,Read-Armstrong,10.95,L39 8TU
Alex,Ali,39,Male,False,2,single,82173,0,"Cook, Robinson and Barker",18.09,CA4 5LH
Marc,Williams,28,Male,False,3,married or civil partner,67654,0,Bird-Nixon,15.96,M4 9FT
Hilary,Carr,61,Female,False,1,married or civil partner,80661,0,Gray Inc,17.88,B10 5JP
Russell,Coates,71,Male,False,2,single,92103,0,Patterson-Hill,19.45,G9 0RR
Graeme,Foster,23,Male,False,2,married or civil partner,59810,0,"Willis, Rowe and Rose",14.7,W9 4PS
Ian,Rice,69,Male,True,1,married or civil partner,77045,31723,N/A,0,FK1H 1ST
Maria,Campbell,22,Female,False,4,married or civil partner,87645,0,Walsh Group,18.85,L2G 0BN
Jane,Scott,56,Female,False,3,married or civil partner,35010,0,Hughes-Morton,10.07,N81 9UP
Glen,Dennis,58,Male,False,2,married or civil partner,46596,0,Chapman Inc,12.39,W93 0TY
Lawrence,Ford,77,Male,True,2,divorced,28723,25499,N/A,0,CR75 7PN
Guy,Reid,43,Male,False,2,single,79263,0,Dunn-Davies,17.68,SY7P 9PH
Damien,Williams,71,Male,True,2,married or civil partner,32442,16322,N/A,0,N9S 4PE
Lucy,Dean,29,Female,False,2,married or civil partner,80107,0,Edwards-Lloyd,17.8,W7E 1SD
Hannah,Perry,69,Female,False,1,married or civil partner,67064,0,Frost-Taylor,15.86,NP21 5JT
Scott,Sanderson,81,Male,True,1,married or civil partner,47755,30875,N/A,0,S5J 3HH
Callum,Evans,69,Male,False,2,married or civil partner,35933,0,Stone PLC,10.27,WR8B 3YW
Kayleigh,Fox,64,Female,False,2,married or civil partner,44746,0,Smith-Brady,12.04,PH0X 8NR
Shane,Roberts,40,Male,False,3,married or civil partner,68303,0,Scott-Rose,16.06,IP0W 9XS
Abdul,Kelly,79,Male,True,3,married or civil partner,51973,32997,N/A,0,KW93 0QY
Justin,Walker,29,Male,False,1,married or civil partner,93218,0,"O'Brien, Jackson and Parker",19.6,CH9W 2TT
Geoffrey,Walters,91,Male,True,3,married or civil partner,26191,28077,N/A,0,W28 0RE
Jayne,Bailey,18,Female,False,3,single,21063,0,"Khan, Wilson and Dixon",6.69,M5T 3ZW
Martyn,King,87,Male,True,2,married or civil partner,52257,37681,N/A,0,B03 0YX
Vanessa,Clarke,40,Female,False,2,married or civil partner,95988,0,Williams-Clark,19.96,B2 9LZ
Marian,Barry,72,Female,False,3,married or civil partner,45292,0,"Jones, Smith and Mann",12.15,BA4 4RA
Lorraine,Wyatt,52,Female,False,2,divorced,36048,0,Gardner LLC,10.3,W8G 7WP
John,Ferguson,34,Male,False,3,widowed,89389,0,Hanson-Page,19.09,BD0 3QF
Damian,Hughes,74,Male,True,2,widowed,27359,27933,N/A,0,DT89 8BP
Katherine,Higgins,23,Female,False,2,single,55354,0,King-Brown,13.96,W8G 8AS
Jordan,Humphries,69,Male,True,2,divorced,69964,27148,N/A,0,S58 9YY
Oliver,Buckley,42,Male,False,3,married or civil partner,86580,0,Carpenter Inc,18.71,HR15 3BB
Zoe,Lamb,68,Female,False,2,single,39242,0,Wood LLC,10.96,E1A 5SH
Timothy,Butler,18,Male,False,2,single,48267,0,"Allen, Dale and Foster",12.7,M20 9RX
Henry,Hussain,45,Male,False,2,single,86819,0,"Barnett, Wilson and Jones",18.74,B02 5WR
Jodie,Robinson,77,Female,True,1,widowed,33507,21627,N/A,0,W1D 4TR
Karen,Edwards,44,Female,False,2,single,26610,0,Harris Group,8.14,B2 3BA
Emily,Godfrey,55,Female,False,2,married or civil partner,92887,0,"Hancock, Hughes and Taylor",19.55,CR1Y 7RD
Lewis,Begum,41,Male,False,1,married or civil partner,90655,0,"Cooper, Horton and McKenzie",19.26,CV5 4GB
Valerie,Smith,28,Female,False,2,divorced,91221,0,"Lloyd, Williams and Ball",19.33,S60 1LG
Joshua,Smith,90,Male,True,2,married or civil partner,94703,35109,N/A,0,WR25 5HL
Gary,Yates,49,Male,False,2,married or civil partner,82495,0,Shah-Taylor,18.14,G8 5RH
Joanne,Fowler,62,Female,False,1,single,75392,0,Green-Begum,17.12,DH93 9WF
Jill,Campbell,48,Female,False,2,married or civil partner,45077,0,"Watson, Thomas and Smith",12.11,RM1 3JX
Martyn,Gardner,82,Male,True,3,single,37030,39512,N/A,0,N4J 4SP
Gareth,Fletcher,27,Male,False,5,married or civil partner,76732,0,Ford-Taylor,17.32,L0 3UR
Marcus,Richardson,82,Male,True,1,married or civil partner,17528,16683,N/A,0,E9S 2PT
Ashleigh,Johnson,36,Female,False,1,single,60459,0,"Williams, Ross and Allen",14.81,KW0 2LN
David,Hill,72,Male,False,2,married or civil partner,73453,0,Sheppard and Sons,16.84,B4 0AZ
Alan,Payne,89,Male,True,1,single,65772,33116,N/A,0,M06 6DT
Kyle,Edwards,72,Male,False,1,single,32738,0,Harrison Ltd,9.58,CT3 8SG
June,Lamb,27,Female,False,2,single,45380,0,Bolton-Morgan,12.16,G05 9JG
Amelia,Morgan,80,Female,True,2,married or civil partner,96082,28712,N/A,0,AL64 6WQ
Clifford,Tomlinson,77,Male,False,2,married or civil partner,21873,0,Hunt LLC,6.92,HX4 6BS
Ross,Law,47,Male,False,2,married or civil partner,92164,0,Lamb-Hall,19.46,PH4E 6GS
Geoffrey,Phillips,86,Male,True,1,married or civil partner,67694,26505,N/A,0,HD7W 7HY
Iain,O'Brien,65,Male,False,4,single,77682,0,Nash-Graham,17.45,N9 2BN
Kathryn,Williams,79,Female,True,3,single,52498,9259,N/A,0,TS7R 3RT
Emily,Shaw,37,Female,False,2,single,67090,0,Barnes-Francis,15.87,TF0 3XZ
Roger,Hammond,75,Male,True,2,widowed,69149,34813,N/A,0,DG5B 1TJ
Hazel,Harris,57,Female,False,3,divorced,83780,0,"Read, Hudson and Joyce",18.32,SL16 8TN
Sam,Wells,19,Male,False,2,married or civil partner,61017,0,Williams Ltd,14.9,YO8 6RA
Roy,Daniels,50,Male,False,2,married or civil partner,28145,0,Ingram and Sons,8.52,NN5Y 2WH
Iain,Williamson,27,Male,False,2,married or civil partner,85890,0,Rose Inc,18.61,W27 4YS
Sarah,Brown,83,Female,True,2,married or civil partner,20948,23503,N/A,0,NG51 3FS
Hannah,Brookes,32,Female,False,3,married or civil partner,91878,0,"Patterson, Atkinson and Stewart",19.42,B1F 3QD
Callum,Gray,26,Male,False,,single,40935,0,Pearson Ltd,11.3,S3 5JA
Matthew,Rose,32,Male,False,5,married or civil partner,33037,0,Mills PLC,9.64,HX7W 1DE
Arthur,Moore,69,Male,True,2,married or civil partner,22737,34906,N/A,0,CB45 1LW
Jamie,Henderson,45,Male,False,2,single,51784,0,"Webster, Murray and Cooke",13.33,CA6 1JB
Paige,Saunders,36,Female,False,2,single,88129,0,"Russell, Phillips and Anderson",18.92,LD8A 0LQ
Peter,Parkinson,40,Male,False,2,married or civil partner,21406,0,"Barrett, Johnson and Rahman",6.79,RH51 9SB
Jessica,Morris,69,Female,True,3,single,64226,29978,N/A,0,M5G 1UU
Charlotte,Bird,39,Female,False,2,single,57140,0,Turner and Sons,14.26,ZE4A 8UY
Robert,Smith,54,Male,False,2,married or civil partner,73511,0,Mahmood-Hayes,16.84,S9J 9RW
Barry,Moore,18,Male,False,2,single,84864,0,Smith and Sons,18.47,N39 3YR
Jonathan,Herbert,72,Male,False,4,single,82293,0,Williams-Ryan,18.11,W0 4BE
Carol,Martin,56,Female,False,2,married or civil partner,34248,0,Lee-Khan,9.91,E61 2LW
Ian,Mason,52,Male,False,1,married or civil partner,82496,0,Richardson-Field,18.14,OL7B 6GR
Martin,White,79,Male,True,1,single,89006,35456,N/A,0,G9F 4YQ
Alice,Webb,89,Female,True,1,married or civil partner,88283,9899,N/A,0,N02 4UN
Rachel,Jones,49,Female,False,1,married or civil partner,18658,0,Hughes Group,6.0,B27 9FL
Hugh,Evans,90,Male,True,1,widowed,90490,14393,N/A,0,WA0Y 7EP
Donna,Bradley,50,Female,False,3,single,18050,0,"Miles, Bailey and Thomas",5.82,L9S 7XP
Jack,Bennett,58,Male,False,4,single,56085,0,Turner-Bradley,14.08,S0B 7RH
Jacqueline,Boyle,85,Female,True,1,married or civil partner,34031,32844,N/A,0,PL98 3RZ
Samuel,Rees,59,Male,False,2,married or civil partner,92089,0,Hughes-Chamberlain,19.45,W9B 3HZ
Jessica,Murray,74,Female,True,2,married or civil partner,18279,33307,N/A,0,NR6 6WX
Roger,Pope,57,Male,False,2,single,64546,0,Thomas LLC,15.47,BB89 7BA
Stanley,Cook,69,Male,False,2,single,32924,0,"Page, Sullivan and Stephens",9.62,TQ9H 8BY
Olivia,Gray,71,Female,True,3,divorced,72345,21357,N/A,0,SP88 1AH
Richard,Reid,41,Male,False,2,married or civil partner,34357,0,"Daniels, Winter and Berry",9.93,ML7M 5JF
Annette,Watson,72,Female,True,2,single,72113,36815,N/A,0,KA6M 2WH
Georgina,Daniels,76,Female,True,4,single,96335,21424,N/A,0,E6 3XG
David,Baker,67,Male,False,2,single,64905,0,Warren LLC,15.53,S6 4EU
Leanne,Clayton,19,Female,False,2,divorced,20200,0,Marshall Group,6.45,BL8N 4AG
Amy,Begum,41,Female,False,3,married or civil partner,75306,0,"Henderson, Holmes and Shah",17.11,PH6B 5SS
Hugh,Little,27,Male,False,3,married or civil partner,96225,0,Wilkinson LLC,19.99,B55 3EN
Danny,Giles,83,Male,True,3,married or civil partner,45309,26845,N/A,0,TN0 2ES
Samantha,Norman,19,Female,False,2,married or civil partner,93202,0,Andrews Ltd,19.6,FK0R 6RL
Gary,Miller,30,Male,False,3,single,97067,0,Godfrey Inc,20.1,M3 4BR
Lindsey,Bailey,23,Female,False,2,married or civil partner,87343,0,"Edwards, Hayward and Moore",18.81,N88 3LQ
Georgia,Power,81,Female,True,2,divorced,27643,22434,N/A,0,GL2W 9TD
Lorraine,Hargreaves,77,Female,True,3,married or civil partner,70712,30123,N/A,0,WF2X 8AW
Kelly,Moss,80,Female,True,2,married or civil partner,21241,28358,N/A,0,GY0 2BU
Natalie,Barber,71,Female,False,4,single,96232,0,"Norris, Gray and Dixon",19.99,DT5H 5DU
Tracy,Mellor,27,Female,False,4,divorced,84439,0,"Edwards, Riley and Taylor",18.41,S5G 7LJ
Kathleen,Phillips,81,Female,False,2,married or civil partner,17131,0,Edwards Group,5.54,E7 9LP
Carl,Jennings,75,Male,False,3,divorced,21316,0,Jordan and Sons,6.76,M3 9PZ
Georgia,Lyons,27,Female,False,2,single,25298,0,Phillips-Smith,7.81,E7 6FH
Scott,Newman,20,Male,False,2,single,58496,0,"Bates, Jones and White",14.49,G8 9NX
Yvonne,Andrews,71,Female,True,2,single,41897,29021,N/A,0,B1T 4ZJ
Donald,Bell,47,Male,False,2,married or civil partner,63350,0,Watts Ltd,15.28,L1 0GU
Harry,Carter,40,Male,False,4,married or civil partner,32464,0,Webster LLC,9.52,SR6A 9SR
Geoffrey,Richardson,62,Male,False,2,married or civil partner,56931,0,Patel Group,14.22,HS9B 6NF
Susan,Hall,62,Female,False,4,married or civil partner,68033,0,Bailey Group,16.01,L87 5DE
Ricky,Crawford,84,Male,True,1,single,35372,20160,N/A,0,WR57 9SA
Phillip,Butler,79,Male,True,2,married or civil partner,97278,23831,N/A,0,N1T 6HW
Sally,Thomas,62,Female,False,4,married or civil partner,73491,0,"Patel, Fleming and O'Sullivan",16.84,LS0W 0YL
Stacey,Brown,51,Female,False,3,married or civil partner,78298,0,Hughes-Duncan,17.54,TF05 4DQ
Julian,Randall,86,Male,True,2,single,63117,12009,N/A,0,G3 0WL
Thomas,Martin,72,Male,False,4,single,74409,0,"Patel, Horton and Jackson",16.98,E9H 5BL
Leonard,Robinson,88,Male,True,3,single,41268,34044,N/A,0,PE6X 7FW
Gavin,Arnold,69,Male,False,1,single,69134,0,"Morris, Harding and Price",16.18,PL68 6GU
Lynne,Smith,91,Female,True,,widowed,64010,25721,N/A,0,FY86 6XU
Deborah,Davies,28,Female,False,2,married or civil partner,69177,0,"Chapman, Price and Harris",16.19,CV7 0BG
Graeme,Ahmed,62,Male,False,2,married or civil partner,82747,0,Wilkinson Group,18.18,B3F 0RG
Reece,Hargreaves,44,Male,False,2,married or civil partner,54063,0,Patel and Sons,13.73,S74 6NH
Bradley,Johnson,90,Male,True,2,divorced,84264,21177,N/A,0,N89 4LE
Robin,Young,48,Male,False,3,single,26925,0,Begum-Fletcher,8.22,L4B 5HR
Karl,Johnson,78,Male,True,1,married or civil partner,43283,29743,N/A,0,LU8V 7UT
Pamela,Bailey,45,Female,False,4,married or civil partner,98577,0,"Campbell, Chapman and Nelson",20.3,EX3 5HQ
Gordon,Davies,72,Male,False,1,married or civil partner,93840,0,"Barber, Lane and Mitchell",19.68,N4 7SH
Ronald,Davies,54,Male,False,2,married or civil partner,32653,0,"Hughes, Jackson and Warner",9.56,M5U 6JD
Lydia,Jones,55,Female,False,1,single,72074,0,"Rowley, Singh and Hartley",16.63,EN8 1YD
Mandy,Parsons,52,Female,False,5,single,41296,0,"Parker, Morgan and Hall",11.37,M5 1UE
Barbara,Chamberlain,64,Female,False,1,married or civil partner,51695,0,Moore Group,13.32,CO76 4JL
Elaine,Cunningham,59,Female,False,2,single,72301,0,Freeman-Bull,16.66,L67 6GG
Owen,Jones,74,Male,True,1,single,49170,18000,N/A,0,B53 7ZZ
Gareth,Walsh,18,Male,False,2,married or civil partner,70393,0,Walker-Mason,16.38,W2 3EQ
Ben,Martin,84,Male,True,2,married or civil partner,36302,-5002,N/A,0,LE65 6HR
Amanda,Harris,63,Female,False,3,single,28093,0,Jones Inc,8.5,SL0 6EB
Jennifer,James,37,Female,False,4,single,42140,0,Thornton and Sons,11.54,PR7X 7XA
Kyle,Hughes,65,Male,False,2,single,34243,0,Clarke PLC,9.91,G9T 8AE
William,Hamilton,67,Male,True,3,divorced,20206,20384,N/A,0,TA2N 5PN
Henry,Phillips,86,Male,True,2,single,63117,17657,N/A,0,M1 3ZR
Patrick,Richardson,72,Male,False,1,single,28193,0,"Harris, Watkins and Jones",8.53,IV9 5TH
Olivia,Murphy,49,Female,False,3,married or civil partner,59687,0,Perry and Sons,14.68,N85 0SF
Kayleigh,Graham,68,Female,False,2,single,97034,0,"Saunders, Parker and Harrison",20.1,WS15 5QQ
Elizabeth,Sanders,79,Female,True,4,married or civil partner,84998,29352,N/A,0,PE02 2HT
Leanne,Andrews,86,Female,True,2,married or civil partner,42885,28088,N/A,0,N94 0DW
Dawn,Ross,51,Female,False,2,single,74279,0,"Lewis, Lawson and Todd",16.96,E9 4EF
Roger,Mason,42,Male,False,,single,23548,0,"Douglas, Black and Lynch",7.36,N8E 0AD
Carly,Cox,24,Female,False,4,married or civil partner,41648,0,Robinson PLC,11.44,L84 0RQ
Geoffrey,Gough,72,Male,True,2,married or civil partner,62256,27938,N/A,0,WD32 8RH
Katie,Reed,70,Female,True,1,married or civil partner,98694,28089,N/A,0,G70 5YZ
Liam,Wood,49,Male,False,3,single,45432,0,"Hussain, Ali and Hudson",12.17,LE2W 6DG
Mathew,Jones,73,Male,True,2,single,93738,18465,N/A,0,CO8N 7AX
Mathew,Lambert,58,Male,False,2,widowed,72051,0,Kelly Inc,16.63,NR48 5XW
Tracy,Holloway,55,Female,False,2,married or civil partner,37494,0,Begum-Edwards,10.6,BR1A 7AP
Glen,Edwards,54,Male,False,2,married or civil partner,96160,0,Parry-Evans,19.98,OX70 7JH
Alison,Sutton,64,Female,False,2,married or civil partner,42863,0,"Hale, Pearce and Cooper",11.68,E2D 0NL
Jasmine,Stevens,84,Female,True,1,married or civil partner,41595,18977,N/A,0,SG9M 0WF
Allan,Martin,27,Male,False,2,single,88955,0,"Simpson, Smith and Fuller",19.03,S8A 0TB
Howard,Doyle,37,Male,False,2,married or civil partner,36635,0,"Williams, Parker and Campbell",10.42,W33 8NX
Suzanne,Wright,36,Female,False,1,single,74783,0,Sinclair-Williams,17.03,B35 9TG
Barry,Gray,83,Male,True,2,widowed,51579,32558,N/A,0,LU33 8ZG
Trevor,Sykes,64,Male,False,3,single,95336,0,Mitchell-Gill,19.88,N5 6FU
Patricia,Lee,67,Female,True,1,divorced,74828,31097,N/A,0,IG11 0XE
Diana,Birch,19,Female,False,1,married or civil partner,76891,0,French-Brooks,17.34,M22 7ZN
Josh,Gough,58,Male,False,3,divorced,87847,0,Newman-Greenwood,18.88,N7U 5ES
Justin,Doyle,38,Male,False,2,married or civil partner,51910,0,Hughes-Frost,13.36,W71 5US
Arthur,Lawson,70,Male,False,2,married or civil partner,22867,0,Howard-Cross,7.18,G1U 1DL
Connor,Ross,32,Male,False,5,married or civil partner,17350,0,"Cooper, Hill and Wood",5.61,BB6A 6ST
Elizabeth,Harding,50,Female,False,1,married or civil partner,19572,0,Foster-Bailey,6.27,EN84 1ZE
Naomi,Taylor,59,Female,False,2,married or civil partner,95235,0,Gilbert-Hunt,19.86,PO80 5AT
Rosemary,Wilson,91,Female,True,4,divorced,31397,20195,N/A,0,LE8V 6SE
Kelly,Dickinson,72,Female,False,2,single,56019,0,Parkinson-Mills,14.07,BB1R 3BQ
Gillian,Johnson,64,Female,False,2,divorced,48904,0,"Knight, Wilkins and Richards",12.82,B0 8YA
Michael,Williams,87,Male,True,2,married or civil partner,98820,26021,N/A,0,E3 5FT
Robin,Cook,69,Male,False,1,married or civil partner,95868,0,Connolly Group,19.95,SE6 5BU
Neil,Campbell,56,Male,False,5,married or civil partner,17551,0,"Brookes, Spencer and Henderson",5.67,E7 7RB
Martin,Smith,31,Male,False,1,single,88749,0,Robson PLC,19.0,W73 0YA
Robert,Norton,81,Male,False,1,married or civil partner,70249,0,"Green, Hill and Kaur",16.35,B90 1LS
Roy,Pugh,37,Male,False,2,married or civil partner,71202,0,Slater-Gill,16.5,G76 2AD
Zoe,Wells,63,Female,False,2,single,42811,0,"O'Connor, Black and Carroll",11.67,W6G 3EE
Glenn,Burke,37,Male,False,3,married or civil partner,50942,0,Foster-Edwards,13.18,HD1Y 3YF
Janet,Morris,89,Female,True,2,married or civil partner,58843,20592,N/A,0,W43 6NF
Barbara,Stephens,66,Female,True,1,married or civil partner,19657,36654,N/A,0,LD8 4NH
Pauline,Hunter,48,Female,False,2,single,17051,0,"Smith, Griffiths and Rogers",5.52,B43 0XJ
Susan,Davies,68,Female,False,2,divorced,83193,0,Lamb-Knowles,18.24,CO80 5ZZ
Kyle,Dunn,81,Male,True,2,married or civil partner,70250,22358,N/A,0,E7 8RE
Grace,Baldwin,49,Female,False,1,widowed,44242,0,"Hall, Robinson and Farmer",11.95,BH1 8TS
Steven,Cooke,60,Male,False,4,widowed,72138,0,"Hall, Smith and James",16.64,YO8A 1JH
Gillian,Roberts,82,Female,True,3,married or civil partner,62670,18474,N/A,0,L8 1FJ
Eleanor,Howe,72,Female,False,2,divorced,66630,0,Burton-Williams,15.8,CV75 4SX
Megan,Reid,28,Female,False,2,single,86916,0,Jones-Rogers,18.75,S8K 0ET
Karen,Connolly,20,Female,False,1,single,63397,0,Lees-Pearce,15.29,ST3 5ET
Janet,Riley,31,Female,False,2,married or civil partner,21378,0,Walters Group,6.78,M21 9ZT
Kayleigh,Cox,40,Female,False,2,married or civil partner,48646,0,"Carter, White and Archer",12.77,ME6H 1YW
Ryan,Hudson,48,Male,False,2,divorced,39903,0,Hayward LLC,11.09,SE13 5XA
Laura,White,91,Female,True,3,widowed,17405,7509,N/A,0,N6U 9GZ
Joel,Middleton,65,Male,False,2,married or civil partner,29771,0,Dawson-Miles,8.9,W5 7TS
Gerard,McLean,53,Male,False,2,married or civil partner,98748,0,"Robinson, Dennis and Hussain",20.32,CR38 9JG
Jeremy,Davies,28,Male,False,2,single,40182,0,Mills LLC,11.15,G3S 6TT
Tina,Rogers,44,Female,False,3,married or civil partner,39968,0,Thompson and Sons,11.11,SN4W 0TL
Molly,Wilson,25,Female,False,2,single,83412,0,Reeves Group,18.27,CF6 3PQ
Georgia,Austin,36,Female,False,2,single,54174,0,Wilson Group,13.75,DG9 6SD
Rosie,Stewart,21,Female,False,2,married or civil partner,19952,0,Woods Group,6.38,SK4H 1QG
Callum,Morris,36,Male,False,2,single,57847,0,Young Ltd,14.38,M50 1TD
Joanne,Williams,31,Female,False,5,married or civil partner,81283,0,Lee PLC,17.97,BL7R 2YU
Katherine,Cartwright,18,Female,False,3,single,73987,0,Matthews Group,16.91,LN99 1ZJ
Malcolm,Buckley,22,Male,False,3,single,35295,0,"Evans, Roberts and Richards",10.14,SA78 0ZY
Gavin,Young,18,Male,False,2,single,75889,0,Lynch-Johnson,17.19,LL5 6SF
Leonard,Harris,77,Male,True,3,single,27267,26584,N/A,0,DY63 2HB
Rita,Griffiths,38,Female,False,1,married or civil partner,20395,0,Taylor and Sons,6.51,B80 6YD
Lewis,Coleman,47,Male,False,1,married or civil partner,77787,0,Davies LLC,17.47,CR48 9WU
Karl,Knight,79,Male,True,2,single,75816,7736,N/A,0,E46 5PL
Howard,Morris,59,Male,False,2,single,81298,0,"Thomas, Clark and Chan",17.97,KA5A 3FW
Margaret,Jennings,87,Female,True,1,married or civil partner,27724,24040,N/A,0,B3 5WQ
Dominic,Webb,48,Male,False,1,single,27704,0,Hughes LLC,8.41,DT9A 2NE
Kim,Gibson,39,Female,False,3,widowed,49361,0,Jones Ltd,12.9,N2 3UA
Margaret,Ball,19,Female,False,4,married or civil partner,41431,0,"Lamb, Wilson and Jennings",11.4,M89 7WX
Donna,Thornton,33,Female,False,3,single,45860,0,Watkins Inc,12.25,FK6H 3PE
Kathleen,Hart,32,Female,False,2,married or civil partner,66409,0,Taylor-Burton,15.76,SK1 6PG
Gareth,Jennings,39,Male,False,2,married or civil partner,25376,0,Wood-Clarke,7.83,ML5Y 9ZF
Jean,Barber,51,Female,False,2,married or civil partner,71749,0,Robson-Skinner,16.58,DN7H 2YB
Karen,Stewart,28,Female,False,2,married or civil partner,39249,0,Holden-Young,10.96,M32 3RA
Nigel,Robson,58,Male,False,3,married or civil partner,67198,0,Hughes and Sons,15.88,S3F 2SX
Josephine,Bishop,76,Female,True,3,single,51827,28140,N/A,0,BH6 3SE
Hugh,Fowler,81,Male,True,1,single,91703,18888,N/A,0,WC2M 6QD
Julian,Sheppard,43,Male,False,2,married or civil partner,60457,0,Palmer Ltd,14.81,G92 1TU
Kimberley,Bailey,81,Female,True,2,married or civil partner,76817,8988,N/A,0,B9 2WT
Aaron,Hodgson,72,Male,True,2,single,95927,15052,N/A,0,B20 4HD
Karl,Miles,72,Male,True,2,married or civil partner,96950,16555,N/A,0,M2 4ZQ
Elliott,Clarke,72,Male,False,2,married or civil partner,27889,0,"Barnett, Anderson and Johnson",8.45,W4 3DE
Geoffrey,Davies,30,Male,False,1,married or civil partner,33951,0,Graham Inc,9.84,G5 8EB
Heather,Haynes,70,Female,True,2,widowed,48098,18434,N/A,0,B0T 7NU
Carol,Williams,28,Female,False,4,widowed,51497,0,"Begum, Ferguson and Mason",13.28,W2 3GD
Jill,Pearce,69,Female,False,2,married or civil partner,88565,0,"Watts, Tomlinson and Hill",18.98,RH29 3QE
Lewis,Phillips,53,Male,False,2,divorced,26886,0,"Morgan, Davies and Walters",8.21,G15 8ZJ
Rosie,Alexander,65,Female,False,2,divorced,69030,0,Elliott Group,16.17,B7 5ER
Sian,Kaur,53,Female,False,2,married or civil partner,60425,0,Woods LLC,14.8,DN1R 7WE
Mary,Flynn,84,Female,True,1,divorced,62715,27792,N/A,0,LD6 5YG
Luke,Williams,77,Male,True,2,married or civil partner,91238,10008,N/A,0,E6B 0LJ
Sophie,Hale,48,Female,False,2,single,26041,0,Day Group,8.0,B7 0JY
Suzanne,Wilkinson,45,Female,False,4,single,33249,0,King LLC,9.69,AB2 6PN
Julia,Burton,80,Female,True,3,married or civil partner,64065,33414,N/A,0,CF3 2XQ
Susan,Benson,70,Female,True,2,married or civil partner,92473,33948,N/A,0,NG88 8QE
Louise,Barnett,53,Female,False,4,single,21929,0,Williams-Stone,6.93,EX1E 2JD
Louise,Wade,50,Female,False,2,single,94866,0,"Harris, Clements and Morgan",19.81,AB1P 2EX
Brandon,Sharpe,30,Male,False,2,married or civil partner,55142,0,"Cross, Hill and Hill",13.92,DE99 7YZ
Carole,Turner,58,Female,False,2,married or civil partner,55737,0,Martin-Dawson,14.02,N9D 3LZ
Dominic,Smith,40,Male,False,2,married or civil partner,42413,0,"Hill, Archer and Ellis",11.59,B0 1BF
Pamela,Hewitt,21,Female,False,3,single,30655,0,Allen-Jones,9.11,ME65 5XL
Danny,Jones,90,Male,True,2,single,63487,21203,N/A,0,WR0V 1YL
Amanda,Knight,76,Female,True,4,single,50953,14446,N/A,0,GY1 2XW
Max,Smith,37,Male,False,2,single,76594,0,"Morgan, Brown and Thomson",17.3,HU2Y 7BY
Rita,Green,47,Female,False,2,married or civil partner,47667,0,"Parry, Day and Cooper",12.59,W3 4SH
Emily,Holland,41,Female,False,1,married or civil partner,92454,0,Ellis-Robertson,19.5,M9 4BD
Sophie,Naylor,28,Female,False,2,single,74069,0,"Hartley, Stanley and Thompson",16.93,E84 2EL
Nicole,O'Brien,72,Female,False,4,married or civil partner,27664,0,"Jones, Oliver and White",8.4,WC4E 5NA
Leanne,Birch,89,Female,True,3,married or civil partner,29355,15314,N/A,0,DT1 7YH
Kimberley,Dixon,40,Female,False,3,married or civil partner,51732,0,"Holmes, Palmer and Smith",13.32,DL78 6BH
Naomi,Allan,37,Female,False,4,single,74781,0,Steele-Rowe,17.03,FY8E 0SA
Jenna,Perry,33,Female,False,2,married or civil partner,79611,0,Cooke Group,17.73,SO9 1TG
Lynne,Gallagher,44,Female,False,2,married or civil partner,95570,0,Webster PLC,19.91,S9 7HL
Shannon,O'Neill,44,Female,False,2,married or civil partner,78512,0,Sinclair Inc,17.57,MK7 9FD
Sandra,Gill,46,Female,False,2,married or civil partner,94724,0,"Griffiths, Anderson and Knight",19.8,SY0 6DD
Helen,Holland,45,Female,False,2,single,73497,0,Smith LLC,16.84,L24 2GW
